region,rajon,title,amount,period,month
Минская область,Солигорский,Солигорский район,14857.3,11,Декабрь
Минская область,Солигорский,Солигорский район,10997.3,10,Ноябрь
Минская,Солигорский,Солигорский район,10655.9,7,Август
Минск,Минск,Минск,10462.7,11,Декабрь
Минская,Солигорский,Солигорский район,10408.2,6,Июль
Минская,Солигорский,Солигорский район,10381.1,4,Май
Минская,Солигорский,Солигорский район,10041.4,8,Сентябрь
Минская область,Солигорский,Солигорский район,9840.1,9,Октябрь
Минская,Солигорский,Солигорский район,9667.7,3,Апрель
Минск,Минск,Минск,9398,5,Июнь
Минск,Минск,Минск,9359.2,6,Июль
Минск,Минск,Минск,9321.7,9,Октябрь
Минск,Минск,Минск,9287.8,8,Сентябрь
Минск,Минск,Минск,9256.4,10,Ноябрь
Минск,Минск,Минск,9233.8,7,Август
Минская область,Минский,Минский район,9139.5,11,Декабрь
Минская,Солигорский,Солигорский район,9001.7,5,Июнь
Минск,Минск,Минск,8933.3,2,Март
Минск,Минск,Минск,8932.5,4,Май
Витебская область,Новополоцк,Новополоцк,8847.4,11,Декабрь
Минск,Минск,Минск,8793.1,3,Апрель
Витебская,Новополоцк,Новополоцк,8780.9,6,Июль
Витебская,Новополоцк,Новополоцк,8711.2,5,Июнь
Минская,Минский,Минский район,8647.5,7,Август
Минская,Солигорский,Солигорский район,8635.3,2,Март
Минск,Минск,Минск,8570,1,Февраль
Минская,Минский,Минский район,8553.8,6,Июль
Минская,Минский,Минский район,8495.1,8,Сентябрь
Минская,Солигорский,Солигорский район,8472,1,Февраль
Минская,Минский,Минский район,8465.2,5,Июнь
Минская область,Минский,Минский район,8446.7,9,Октябрь
Витебская,Новополоцк,Новополоцк,8372.1,4,Май
Минская,Солигорский,Солигорский район,8325.9,0,Январь
Минская область,Минский,Минский район,8285,10,Ноябрь
Минская область,Дзержинский,Дзержинский район,8249.3,11,Декабрь
Минск,Минск,Минск,8235.6,0,Январь
Витебская область,Новополоцк,Новополоцк,8203.4,10,Ноябрь
Витебская,Новополоцк,Новополоцк,8185.2,7,Август
Минская,Минский,Минский район,8133.8,4,Май
Витебская,Новополоцк,Новополоцк,8092.8,8,Сентябрь
Витебская область,Новополоцк,Новополоцк,8083,9,Октябрь
Минская,Минский,Минский район,8064,3,Апрель
Минская,Дзержинский,Дзержинский район,7994.6,6,Июль
Минская,Дзержинский,Дзержинский район,7983,7,Август
Гомельская,Речицкий,Речицкий район,7963,7,Август
Минская,Минский,Минский район,7902.1,2,Март
Минская область,Дзержинский,Дзержинский район,7876.7,9,Октябрь
Витебская,Новополоцк,Новополоцк,7769.9,3,Апрель
Минская область,Всего,Минская область,7739.8,11,Декабрь
Минская область,Дзержинский,Дзержинский район,7703.2,10,Ноябрь
Гродненская область,Гродно,Гродно,7677.1,11,Декабрь
Минская,Дзержинский,Дзержинский район,7669.4,5,Июнь
Витебская,Новополоцк,Новополоцк,7638.6,2,Март
Гомельская,Речицкий,Речицкий район,7618.7,6,Июль
Минская,Дзержинский,Дзержинский район,7610.3,8,Сентябрь
Брестская область,Брест,Брест,7561.2,11,Декабрь
Гомельская,Речицкий,Речицкий район,7544.2,8,Сентябрь
Витебская,Новополоцк,Новополоцк,7513.1,1,Февраль
Гомельская область,Речицкий,Речицкий район,7491.3,11,Декабрь
Витебская,Новополоцк,Новополоцк,7464.3,0,Январь
Гомельская область,Речицкий,Речицкий район,7443.4,9,Октябрь
РБ,Всего,Республика Беларусь,7424.1,11,Декабрь
Минская,Дзержинский,Дзержинский район,7420.9,4,Май
Гомельская,Речицкий,Речицкий район,7416.7,5,Июнь
Минская,Минский,Минский район,7412,1,Февраль
Минская,Минский,Минский район,7333.7,0,Январь
Гомельская область,Мозырский,Мозырский район,7261.6,11,Декабрь
Гродненская,Гродно,Гродно,7259.7,6,Июль
Минская,Смолевичский,Смолевичский район,7208.7,7,Август
Гомельская,Жлобинский,Жлобинский район,7176.9,6,Июль
Гомельская,Мозырский,Мозырский район,7171.3,6,Июль
Минская,Дзержинский,Дзержинский район,7157.7,3,Апрель
Минская,Всего,Минская область,7154.2,7,Август
Гродненская,Гродно,Гродно,7126.6,4,Май
Гомельская,Речицкий,Речицкий район,7125.1,4,Май
Гродненская,Гродно,Гродно,7115.1,5,Июнь
Минская область,Жодино,Жодино,7108.5,11,Декабрь
Минская,Дзержинский,Дзержинский район,7102.4,2,Март
Гродненская,Гродно,Гродно,7089.7,7,Август
Гродненская область,Гродно,Гродно,7088.2,9,Октябрь
Гомельская область,Гомель,Гомель,7082.9,11,Декабрь
Минская область,Смолевичский,Смолевичский район,7072,9,Октябрь
Минская,Смолевичский,Смолевичский район,7055.1,6,Июль
Минская область,Смолевичский,Смолевичский район,7049.1,11,Декабрь
Минская,Всего,Минская область,7043.3,6,Июль
Гродненская,Гродно,Гродно,7036.2,8,Сентябрь
Гродненская,Гродненский,Гродненский район,7035.5,7,Август
Минская,Несвижский,Несвижский район,7023.8,7,Август
Могилевская область,Могилев,Могилев,7012.3,11,Декабрь
РБ,Всего,Республика Беларусь,7008.7,6,Июль
РБ,Всего,Республика Беларусь,6970.5,7,Август
Гомельская область,Речицкий,Речицкий район,6943.7,10,Ноябрь
Гродненская область,Гродно,Гродно,6923.5,10,Ноябрь
Гомельская,Мозырский,Мозырский район,6917.8,8,Сентябрь
Гомельская область,Мозырский,Мозырский район,6914,10,Ноябрь
Гомельская,Мозырский,Мозырский район,6896,3,Апрель
Витебская область,Витебск,Витебск,6887.7,11,Декабрь
РБ,Всего,Республика Беларусь,6883.7,5,Июнь
Гомельская,Мозырский,Мозырский район,6881.6,7,Август
Минская,Всего,Минская область,6874.6,8,Сентябрь
РБ,Всего,Республика Беларусь,6863,8,Сентябрь
Минская,Смолевичский,Смолевичский район,6858.6,8,Сентябрь
Минская область,Всего,Минская область,6854.5,10,Ноябрь
Брестская,Брест,Брест,6849,6,Июль
РБ,Всего,Республика Беларусь,6837.6,9,Октябрь
Гродненская область,Гродненский,Гродненский район,6820.7,9,Октябрь
Гомельская область,Мозырский,Мозырский район,6815.8,9,Октябрь
Минская область,Всего,Минская область,6813.6,9,Октябрь
Гомельская,Мозырский,Мозырский район,6811.9,5,Июнь
Минская,Смолевичский,Смолевичский район,6798.9,5,Июнь
Брестская область,Брест,Брест,6785.2,9,Октябрь
Минская,Всего,Минская область,6772.3,4,Май
Минская,Всего,Минская область,6754.2,5,Июнь
Гомельская,Гомель,Гомель,6753.8,8,Сентябрь
Брестская,Брест,Брест,6749.1,7,Август
РБ,Всего,Республика Беларусь,6748.8,10,Ноябрь
Минская,Логойский,Логойский район,6743.5,7,Август
Гомельская,Гомель,Гомель,6732,6,Июль
Брестская область,Брест,Брест,6720.3,10,Ноябрь
Гомельская,Светлогорский,Светлогорский район,6714.8,7,Август
Гомельская,Гомель,Гомель,6711.2,5,Июнь
Гомельская,Речицкий,Речицкий район,6707.7,3,Апрель
Гомельская,Мозырский,Мозырский район,6706.2,2,Март
Брестская,Брест,Брест,6697.2,8,Сентябрь
Гродненская,Гродненский,Гродненский район,6695,6,Июль
Гомельская,Мозырский,Мозырский район,6688.4,4,Май
Минская область,Смолевичский,Смолевичский район,6688.2,10,Ноябрь
РБ,Всего,Республика Беларусь,6687.6,4,Май
Могилевская,Могилев,Могилев,6686.3,6,Июль
Гродненская область,Гродненский,Гродненский район,6681.7,11,Декабрь
Брестская,Брест,Брест,6672.9,5,Июнь
Гомельская область,Гомель,Гомель,6672.9,9,Октябрь
Гомельская,Жлобинский,Жлобинский район,6670.6,5,Июнь
Гомельская,Гомель,Гомель,6646,7,Август
Гомельская область,Светлогорский,Светлогорский район,6640.4,11,Декабрь
Гродненская,Гродно,Гродно,6638.3,2,Март
Гомельская,Жлобинский,Жлобинский район,6632.9,4,Май
Минская,Несвижский,Несвижский район,6624.2,8,Сентябрь
Гомельская,Жлобинский,Жлобинский район,6612.8,7,Август
Могилевская,Могилев,Могилев,6612,7,Август
Гомельская,Жлобинский,Жлобинский район,6601.3,3,Апрель
Гродненская,Гродно,Гродно,6599.5,3,Апрель
Гродненская,Островецкий,Островецкий район,6598.5,5,Июнь
Минская,Пуховичский,Пуховичский район,6593.5,7,Август
Минская,Всего,Минская область,6592.3,3,Апрель
Витебская,Витебск,Витебск,6589.4,6,Июль
Гомельская,Речицкий,Речицкий район,6588.2,2,Март
Гродненская,Островецкий,Островецкий район,6587.3,7,Август
Гомельская,Жлобинский,Жлобинский район,6585.3,2,Март
Гомельская область,Гомель,Гомель,6585.2,10,Ноябрь
Гродненская,Островецкий,Островецкий район,6573.4,6,Июль
Минская,Смолевичский,Смолевичский район,6571.1,4,Май
Могилевская,Могилевский,Могилевский район,6569.4,7,Август
Могилевская,Могилев,Могилев,6564,5,Июнь
Минская,Несвижский,Несвижский район,6560.9,6,Июль
Гомельская,Светлогорский,Светлогорский район,6559.6,6,Июль
Могилевская,Могилев,Могилев,6544.7,8,Сентябрь
Брестская область,Барановичи,Барановичи,6544.5,11,Декабрь
Минская область,Логойский,Логойский район,6542.6,11,Декабрь
РБ,Всего,Республика Беларусь,6536.1,3,Апрель
Гомельская,Светлогорский,Светлогорский район,6527.3,8,Сентябрь
Минская,Несвижский,Несвижский район,6523.4,3,Апрель
Минская,Жодино,Жодино,6522.5,6,Июль
Гомельская,Светлогорский,Светлогорский район,6516.9,5,Июнь
Могилевская область,Могилев,Могилев,6514.3,9,Октябрь
Гомельская,Всего,Гомельская область,6511.2,6,Июль
Минская область,Несвижский,Несвижский район,6510.9,11,Декабрь
Гомельская область,Светлогорский,Светлогорский район,6509.6,9,Октябрь
Гродненская,Гродненский,Гродненский район,6484.3,8,Сентябрь
РБ,Всего,Республика Беларусь,6483.7,2,Март
Гомельская область,Всего,Всего,6482.3,11,Декабрь
Гомельская,Жлобинский,Жлобинский район,6473.7,8,Сентябрь
Минская,Смолевичский,Смолевичский район,6473.1,3,Апрель
Брестская область,Березовский,Березовский район,6465.7,11,Декабрь
Минская,Смолевичский,Смолевичский район,6450.3,2,Март
Минская область,Жодино,Жодино,6448.5,9,Октябрь
Минская,Жодино,Жодино,6446.3,8,Сентябрь
Минская,Логойский,Логойский район,6441.2,6,Июль
Могилевская,Могилевский,Могилевский район,6439.6,6,Июль
Гомельская,Гомель,Гомель,6435.1,4,Май
Могилевская,Могилев,Могилев,6431.7,4,Май
Витебская,Витебск,Витебск,6428.9,5,Июнь
Минская,Несвижский,Несвижский район,6422,5,Июнь
Гомельская,Всего,Гомельская область,6421.3,7,Август
Могилевская область,Могилев,Могилев,6421.2,10,Ноябрь
Брестская,Брест,Брест,6417.2,4,Май
Гомельская,Гомельский,Гомельский район,6410.3,7,Август
Гомельская,Гомельский,Гомельский район,6404.8,6,Июль
Витебская,Витебск,Витебск,6404.4,7,Август
Гомельская,Светлогорский,Светлогорский район,6399.8,4,Май
Брестская,Брест,Брест,6398.9,3,Апрель
Гродненская область,Островецкий,Островецкий район,6396.7,11,Декабрь
Брестская область,Всего,Брестская область,6393.3,11,Декабрь
Гродненская область,Всего,Гродненская область,6391.8,11,Декабрь
Минская область,Несвижский,Несвижский район,6388.7,10,Ноябрь
Минская область,Несвижский,Несвижский район,6381.9,9,Октябрь
Минская область,Жодино,Жодино,6378.8,10,Ноябрь
Минская,Жодино,Жодино,6377.2,7,Август
Гомельская,Всего,Гомельская область,6372.3,8,Сентябрь
Могилевская,Костюковичский,Костюковичский район,6368.2,7,Август
Минская область,Пуховичский,Пуховичский район,6367.8,11,Декабрь
Витебская область,Витебск,Витебск,6362.3,9,Октябрь
Минская область,Молодечненский,Молодечненский район,6362.1,11,Декабрь
Гомельская,Гомель,Гомель,6360.3,3,Апрель
Минская,Всего,Минская область,6355.8,2,Март
Брестская,Брест,Брест,6350.3,2,Март
Минская,Несвижский,Несвижский район,6348.1,4,Май
Минская,Пуховичский,Пуховичский район,6346.5,5,Июнь
Могилевская,Шкловский,Шкловский район,6345.4,6,Июль
Гомельская,Всего,Гомельская область,6343.2,5,Июнь
Витебская область,Полоцкий,Полоцкий район,6342.1,11,Декабрь
Минская,Дзержинский,Дзержинский район,6340,1,Февраль
Брестская область,Жабинковский,Жабинковский район,6338.3,9,Октябрь
Минская область,Мядельский,Мядельский район,6336.2,11,Декабрь
Витебская,Верхнедвинский,Верхнедвинский район,6332.6,7,Август
Минская,Логойский,Логойский район,6328.4,8,Сентябрь
Гродненская,Волковысский,Волковысский район,6327.2,7,Август
Гомельская,Гомель,Гомель,6325.9,2,Март
Могилевская,Шкловский,Шкловский район,6318.5,7,Август
Могилевская,Могилев,Могилев,6314.7,3,Апрель
Минская,Столбцовский,Столбцовский район,6310,7,Август
Гомельская область,Светлогорский,Светлогорский район,6307,10,Ноябрь
Гродненская,Гродно,Гродно,6306.8,1,Февраль
Брестская,Каменецкий,Каменецкий район,6305.5,7,Август
Гродненская,Гродненский,Гродненский район,6297.3,5,Июнь
Могилевская,Могилев,Могилев,6295.3,2,Март
Минская,Жодино,Жодино,6286.1,3,Апрель
Гродненская область,Гродненский,Гродненский район,6277.4,10,Ноябрь
Витебская,Витебск,Витебск,6274.1,8,Сентябрь
Гродненская область,Волковысский,Волковысский район,6273.4,11,Декабрь
Гродненская,Всего,Гродненская область,6269.7,7,Август
Гомельская,Мозырский,Мозырский район,6269.5,0,Январь
Брестская,Барановичский,Барановичский район,6265.7,7,Август
Гомельская область,Всего,Гомельская область,6263.8,9,Октябрь
Минская,Пуховичский,Пуховичский район,6261.5,4,Май
Минская,Логойский,Логойский район,6258.7,5,Июнь
Гродненская,Гродненский,Гродненский район,6252.6,2,Март
Гомельская,Мозырский,Мозырский район,6252.2,1,Февраль
Минская,Жодино,Жодино,6251.7,2,Март
Брестская область,Пинск,Пинск,6251.1,11,Декабрь
Минская,Дзержинский,Дзержинский район,6250.5,0,Январь
Минская,Пуховичский,Пуховичский район,6247.1,6,Июль
Гродненская,Всего,Гродненская область,6243,6,Июль
Гродненская,Берестовицкий,Берестовицкий район,6241.4,7,Август
Могилевская область,Бобруйск,Бобруйск,6236.8,11,Декабрь
Гродненская,Гродно,Гродно,6235.4,0,Январь
Минская область,Логойский,Логойский район,6233.2,9,Октябрь
Гомельская область,Жлобинский,Жлобинский район,6229.7,11,Декабрь
Могилевская,Могилевский,Могилевский район,6228.3,5,Июнь
Витебская,Полоцкий,Полоцкий район,6226.6,6,Июль
Гродненская,Гродненский,Гродненский район,6220.7,4,Май
Витебская область,Витебск,Витебск,6218.1,10,Ноябрь
Гродненская,Островецкий,Островецкий район,6214.1,8,Сентябрь
Гомельская,Гомельский,Гомельский район,6213.8,8,Сентябрь
Витебская область,Всего,Витебская область,6212.6,11,Декабрь
Витебская,Витебск,Витебск,6211.6,4,Май
Минская,Червенский,Червенский район,6208.7,7,Август
Минская область,Столбцовский,Столбцовский район,6177.9,11,Декабрь
Могилевская,Белыничский,Белыничский район,6173.6,7,Август
Брестская,Жабинковский,Жабинковский район,6173.4,6,Июль
Гродненская,Волковысский,Волковысский район,6167.9,6,Июль
Минская,Воложинский,Воложинский район,6166.8,7,Август
Гомельская,Всего,Гомельская область,6164.7,4,Май
Витебская,Всего,Витебская область,6164,6,Июль
Могилевская область,Всего,Могилевская область,6163.3,11,Декабрь
Брестская,Брестский,Брестский район,6163,7,Август
Брестская,Березовский,Березовский район,6160.6,8,Сентябрь
Брестская,Березовский,Березовский район,6158.4,6,Июль
Гомельская,Речицкий,Речицкий район,6155.8,1,Февраль
Могилевская,Могилевский,Могилевский район,6149.3,8,Сентябрь
Витебская,Полоцкий,Полоцкий район,6141.1,7,Август
Брестская область,Лунинецкий,Лунинецкий район,6132.9,11,Декабрь
РБ,Всего,Республика Беларусь,6129.1,1,Февраль
Витебская,Полоцкий,Полоцкий район,6127.9,5,Июнь
Минская,Пуховичский,Пуховичский район,6125,8,Сентябрь
Гродненская область,Островецкий,Островецкий район,6123.2,9,Октябрь
Гродненская,Всего,Гродненская область,6118,5,Июнь
Гродненская,Берестовицкий,Берестовицкий район,6116.8,6,Июль
Витебская,Витебск,Витебск,6116.5,3,Апрель
Брестская область,Барановичи,Барановичи,6115.3,9,Октябрь
Брестская,Барановичи,Барановичи,6112.3,6,Июль
Гродненская,Всего,Гродненская область,6109,8,Сентябрь
Могилевская область,Костюковичский,Костюковичский район,6108.7,11,Декабрь
Минская область,Борисовский,Борисовский район район,6107.6,11,Декабрь
Могилевская,Всего,Могилевская область,6107,6,Июль
Гомельская,Калинковичский,Калинковичский район,6104.7,6,Июль
Витебская,Всего,Витебская область,6101,7,Август
Гомельская область,Всего,Гомельская область,6098.7,10,Ноябрь
Могилевская,Могилевский,Могилевский район,6098.6,4,Май
Гродненская,Щучинский,Щучинский район,6092.4,7,Август
Гродненская область,Всего,Гродненская область,6092.3,9,Октябрь
Могилевская,Всего,Могилевская область,6091.7,7,Август
Минская,Узденский,Узденский район,6089,7,Август
Брестская область,Барановичский,Барановичский район,6084.9,11,Декабрь
Брестская область,Березовский,Березовский район,6080.6,10,Ноябрь
Брестская,Пружанский,Пружанский район,6076.5,6,Июль
Минская,Жодино,Жодино,6075.7,5,Июнь
Могилевская,Костюковичский,Костюковичский район,6074.7,6,Июль
Брестская,Березовский,Березовский район,6074.1,7,Август
Брестская,Всего,Брестская область,6073.2,6,Июль
Минская,Молодечненский,Молодечненский район,6071.7,6,Июль
Брестская,Жабинковский,Жабинковский район,6071.5,7,Август
Гомельская,Светлогорский,Светлогорский район,6071.4,2,Март
Минская,Логойский,Логойский район,6071.2,4,Май
Могилевская область,Могилевский,Могилевский район,6068.8,9,Октябрь
Могилевская область,Могилевский,Могилевский район,6068.5,10,Ноябрь
Минская,Столбцовский,Столбцовский район,6067.7,6,Июль
Гомельская,Всего,Гомельская область,6066.6,3,Апрель
Брестская,Барановичи,Барановичи,6066.5,8,Сентябрь
Минская,Смолевичский,Смолевичский район,6065.3,0,Январь
Витебская,Полоцкий,Полоцкий район,6061.8,4,Май
Брестская,Барановичский,Барановичский район,6061.3,8,Сентябрь
Витебская,Витебск,Витебск,6057.6,2,Март
Брестская,Барановичи,Барановичи,6056.5,5,Июнь
Гомельская область,Жлобинский,Жлобинский район,6054.4,9,Октябрь
Брестская область,Березовский,Березовский район,6051.1,9,Октябрь
Брестская область,Барановичи,Барановичи,6049.8,10,Ноябрь
Витебская,Всего,Витебская область,6049.2,5,Июнь
Минская,Узденский,Узденский район,6046.5,6,Июль
Гомельская,Гомельский,Гомельский район,6043.9,3,Апрель
Гродненская,Гродненский,Гродненский район,6039.1,3,Апрель
Гродненская,Волковысский,Волковысский район,6037.8,5,Июнь
Гродненская,Ошмянский,Ошмянский район,6036.6,7,Август
Витебская область,Верхнедвинский,Верхнедвинский район,6036.2,11,Декабрь
Минская,Смолевичский,Смолевичский район,6036.1,1,Февраль
Брестская,Брестский,Брестский район,6033,6,Июль
Гродненская,Всего,Гродненская область,6031.5,4,Май
Брестская,Каменецкий,Каменецкий район,6031.4,6,Июль
Витебская,Дубровенский,Дубровенский район,6030.7,7,Август
Гомельская,Светлогорский,Светлогорский район,6030.5,3,Апрель
Минская,Жодино,Жодино,6030.1,4,Май
РБ,Всего,Республика Беларусь,6023.2,0,Январь
Брестская,Пружанский,Пружанский район,6022.6,7,Август
Минская,Молодечненский,Молодечненский район,6022.5,5,Июнь
Гомельская,Гомельский,Гомельский район,6021.9,5,Июнь
Могилевская область,Белыничский,Белыничский район,6021.6,11,Декабрь
Витебская,Витебский,Витебский район,6019.4,7,Август
Минская,Пуховичский,Пуховичский район,6018.9,3,Апрель
Брестская,Жабинковский,Жабинковский район,6018.6,4,Май
Гомельская,Гомель,Гомель,6018.3,1,Февраль
Минская область,Столбцовский,Столбцовский район,6013.5,9,Октябрь
Брестская,Всего,Брестская область,6013.3,7,Август
Минская,Столбцовский,Столбцовский район,6012.5,8,Сентябрь
Гомельская область,Гомельский,Гомельский район,6012.2,9,Октябрь
Могилевская,Осиповичский,Осиповичский район,6011.3,6,Июль
Могилевская,Шкловский,Шкловский район,6010.5,5,Июнь
Витебская область,Полоцкий,Полоцкий район,6007,10,Ноябрь
Брестская,Барановичи,Барановичи,6005.6,7,Август
Минская область,Пуховичский,Пуховичский район,6005.5,9,Октябрь
Минская область,Логойский,Логойский район,6001.8,10,Ноябрь
Брестская,Брест,Брест,6000.9,1,Февраль
Минская,Несвижский,Несвижский район,6000.5,2,Март
Гомельская,Всего,Гомельская область,6000.1,2,Март
Минская,Слуцкий,Слуцкий район,5995.5,5,Июнь
Могилевская,Всего,Могилевская область,5995.3,5,Июнь
Минская область,Слуцкий,Слуцкий район,5988.7,11,Декабрь
Минская,Молодечненский,Молодечненский район,5988,7,Август
Гомельская область,Гомельский,Гомельский район,5985.5,11,Декабрь
Минская,Узденский,Узденский район,5982.1,4,Май
Минская,Узденский,Узденский район,5979.3,5,Июнь
Минская,Логойский,Логойский район,5978.5,3,Апрель
Брестская,Березовский,Березовский район,5978.4,5,Июнь
Могилевская,Бобруйск,Бобруйск,5976,7,Август
Гродненская область,Волковысский,Волковысский район,5975,9,Октябрь
Гомельская,Гомель,Гомель,5972.6,0,Январь
Могилевская,Белыничский,Белыничский район,5970.4,5,Июнь
Минская,Слуцкий,Слуцкий район,5970.1,6,Июль
Могилевская,Бобруйск,Бобруйск,5968,5,Июнь
Минская область,Пуховичский,Пуховичский район,5967.1,10,Ноябрь
Гродненская,Волковысский,Волковысский район,5966.6,8,Сентябрь
Гродненская область,Ошмянский,Ошмянский район,5964.5,11,Декабрь
Брестская область,Всего,Брестская область,5963.9,9,Октябрь
Гомельская,Калинковичский,Калинковичский район,5963.3,7,Август
Гродненская,Островецкий,Островецкий район,5962,4,Май
Брестская область,Каменецкий,Каменецкий район,5959.6,11,Декабрь
Минская,Молодечненский,Молодечненский район,5956.6,8,Сентябрь
Гродненская область,Волковысский,Волковысский район,5956.1,10,Ноябрь
Могилевская,Бобруйск,Бобруйск,5955.9,6,Июль
Витебская,Полоцкий,Полоцкий район,5954.8,8,Сентябрь
Могилевская область,Могилевский,Могилевский район,5953.1,11,Декабрь
Гродненская область,Лидский,Лидский район,5951.4,11,Декабрь
Могилевская,Могилевский,Могилевский район,5950.5,3,Апрель
Минская,Столбцовский,Столбцовский район,5946.6,5,Июнь
Брестская,Всего,Брестская область,5944.6,8,Сентябрь
Могилевская область,Бобруйск,Бобруйск,5943.4,9,Октябрь
Минская,Всего,Минская область,5942.4,1,Февраль
Минская область,Молодечненский,Молодечненский район,5941.5,9,Октябрь
Брестская,Жабинковский,Жабинковский район,5940.2,8,Сентябрь
Могилевская,Круглянский,Круглянский район,5938,6,Июль
Могилевская,Белыничский,Белыничский район,5934.6,6,Июль
Брестская область,Брестский,Брестский район,5930.8,11,Декабрь
Минская,Вилейский,Вилейский район,5929.9,7,Август
Брестская область,Жабинковский,Жабинковский район,5929,11,Декабрь
Могилевская,Круглянский,Круглянский район,5928.5,7,Август
Гомельская область,Калинковичский,Калинковичский район,5924.3,11,Декабрь
Минская,Борисовский,Борисовский район,5923.6,7,Август
Витебская область,Полоцкий,Полоцкий район,5923,9,Октябрь
Минская,Воложинский,Воложинский район,5922.9,6,Июль
Витебская область,Чашникский,Чашникский район,5920,11,Декабрь
Гомельская область,Жлобинский,Жлобинский район,5917.6,10,Ноябрь
Брестская область,Пружанский,Пружанский район,5915.4,11,Декабрь
Витебская область,Оршанский,Оршанский район,5912.8,11,Декабрь
Витебская,Всего,Витебская область,5907,8,Сентябрь
Могилевская,Всего,Могилевская область,5906.9,8,Сентябрь
Минская,Мядельский,Мядельский район,5905.1,7,Август
Могилевская,Костюковичский,Костюковичский район,5904.9,5,Июнь
Могилевская,Могилевский,Могилевский район,5902.7,2,Март
Могилевская,Могилев,Могилев,5902.5,1,Февраль
Брестская,Брест,Брест,5901.3,0,Январь
Могилевская,Белыничский,Белыничский район,5900.1,8,Сентябрь
Могилевская область,Осиповичский,Осиповичский район,5898.4,11,Декабрь
Могилевская,Шкловский,Шкловский район,5896.9,4,Май
Гомельская,Жлобинский,Жлобинский район,5896.3,1,Февраль
Брестская,Всего,Брестская область,5896.2,5,Июнь
Минская,Борисовский,Борисовский район,5895.5,6,Июль
Гомельская,Речицкий,Речицкий район,5893.7,0,Январь
Брестская,Барановичский,Барановичский район,5893.7,5,Июнь
Минская,Слуцкий,Слуцкий район,5893.6,7,Август
Минская,Всего,Минская область,5892.2,0,Январь
Гродненская область,Всего,Гродненская область,5890.8,10,Ноябрь
Гродненская,Волковысский,Волковысский район,5889.6,4,Май
Витебская,Чашникский,Чашникский район,5881.9,7,Август
Витебская,Всего,Витебская область,5881.6,4,Май
Гродненская,Ошмянский,Ошмянский район,5880.5,6,Июль
Могилевская,Костюковичский,Костюковичский район,5880.5,8,Сентябрь
Брестская область,Всего,Брестская область,5879.5,10,Ноябрь
Минская,Борисовский,Борисовский район,5877.8,8,Сентябрь
Минская,Столбцовский,Столбцовский район,5877.5,4,Май
Минская,Копыльский,Копыльский район,5876.6,7,Август
Могилевская,Кричевский,Кричевский район,5876.1,7,Август
Брестская область,Жабинковский,Жабинковский район,5874.9,10,Ноябрь
Могилевская область,Всего,Могилевская область,5873.3,9,Октябрь
Витебская область,Всего,Витебская область,5869.9,9,Октябрь
Могилевская,Осиповичский,Осиповичский район,5869.7,8,Сентябрь
Минская область,Слуцкий,Слуцкий район,5869.6,9,Октябрь
Минская,Березинский,Березинский район,5868,7,Август
Витебская,Полоцкий,Полоцкий район,5867.4,3,Апрель
Гродненская,Сморгонский,Сморгонский район,5863,7,Август
Гомельская,Гомельский,Гомельский район,5862.4,4,Май
Гродненская,Кореличский,Кореличский район,5859.9,7,Август
Могилевская,Осиповичский,Осиповичский район,5859.5,7,Август
Гомельская,Жлобинский,Жлобинский район,5858.3,0,Январь
Гродненская область,Сморгонский,Сморгонский район,5858.2,11,Декабрь
Минская,Пуховичский,Пуховичский район,5855.3,2,Март
Могилевская область,Бобруйск,Бобруйск,5855,10,Ноябрь
Минская,Логойский,Логойский район,5853.3,2,Март
Минская область,Столбцовский,Столбцовский район,5851.9,10,Ноябрь
Могилевская,Бобруйск,Бобруйск,5849.9,8,Сентябрь
Гродненская область,Островецкий,Островецкий район,5847.3,10,Ноябрь
Брестская,Пружанский,Пружанский район,5845.1,8,Сентябрь
Витебская,Чашникский,Чашникский район,5842.1,6,Июль
Гомельская,Калинковичский,Калинковичский район,5841.9,5,Июнь
Минская,Крупский,Крупский район,5841.8,7,Август
Брестская,Жабинковский,Жабинковский район,5841.4,5,Июнь
Брестская,Каменецкий,Каменецкий район,5839.6,8,Сентябрь
Брестская,Брестский,Брестский район,5837.7,5,Июнь
Минская область,Слуцкий,Слуцкий район,5836.6,10,Ноябрь
Гродненская,Берестовицкий,Берестовицкий район,5835.1,8,Сентябрь
Могилевская,Всего,Могилевская область,5833.8,4,Май
Брестская,Брестский,Брестский район,5832.6,8,Сентябрь
Брестская область,Кобринский,Кобринский район,5831.6,11,Декабрь
Могилевская область,Круглянский,Круглянский район,5830.5,11,Декабрь
Минская,Червенский,Червенский район,5829.8,6,Июль
Гомельская,Гомельский,Гомельский район,5828.8,2,Март
Могилевская,Могилев,Могилев,5825,0,Январь
Гомельская,Калинковичский,Калинковичский район,5822.1,4,Май
Минская область,Борисовский,Борисовский район,5819.4,9,Октябрь
Минская область,Молодечненский,Молодечненский район,5819.3,10,Ноябрь
Брестская,Барановичи,Барановичи,5817.9,4,Май
Минская,Борисовский,Борисовский район,5815.4,5,Июнь
Гродненская,Щучинский,Щучинский район,5814.8,8,Сентябрь
Гродненская,Островецкий,Островецкий район,5813.7,3,Апрель
Могилевская,Костюковичский,Костюковичский район,5808.8,4,Май
Минская,Слуцкий,Слуцкий район,5806.5,4,Май
Брестская область,Брестский,Брестский район,5804.8,9,Октябрь
Брестская область,Пружанский,Пружанский район,5803.7,9,Октябрь
Минская,Узденский,Узденский район,5800.5,8,Сентябрь
Гродненская,Щучинский,Щучинский район,5798,6,Июль
Брестская,Березовский,Березовский район,5797.3,4,Май
Витебская,Витебский,Витебский район,5794.8,6,Июль
Могилевская,Шкловский,Шкловский район,5794.7,3,Апрель
Брестская область,Пинск,Пинск,5794,9,Октябрь
Гомельская,Калинковичский,Калинковичский район,5793.8,8,Сентябрь
Минская,Слуцкий,Слуцкий район,5793,3,Апрель
Витебская,Витебск,Витебск,5788.6,1,Февраль
Могилевская область,Шкловский,Шкловский район,5783.1,11,Декабрь
Минская,Воложинский,Воложинский район,5781.7,5,Июнь
Витебская,Оршанский,Оршанский район,5780.5,6,Июль
Витебская,Дубровенский,Дубровенский район,5777.2,5,Июнь
Гомельская область,Гомельский,Гомельский район,5776.4,10,Ноябрь
Минская,Молодечненский,Молодечненский район,5776.3,4,Май
Могилевская область,Всего,Могилевская область,5774.4,10,Ноябрь
Брестская область,Ивацевичский,Ивацевичский район,5773.4,11,Декабрь
Могилевская,Кличевский,Кличевский район,5770.6,6,Июль
Брестская,Лунинецкий,Лунинецкий район,5770.4,6,Июль
Витебская область,Всего,Витебская область,5769.8,10,Ноябрь
Брестская,Барановичский,Барановичский район,5767.9,6,Июль
Минская,Слуцкий,Слуцкий район,5766.9,2,Март
Минская область,Узденский,Узденский район,5764.5,11,Декабрь
Витебская,Оршанский,Оршанский район,5763.5,7,Август
Витебская,Толочинский,Толочинский район,5762.1,7,Август
Брестская,Пинск,Пинск,5760,6,Июль
Минская,Узденский,Узденский район,5759.9,3,Апрель
Минская область,Червенский,Червенский район,5759.1,11,Декабрь
Брестская,Кобринский,Кобринский район,5758.5,8,Сентябрь
Брестская,Кобринский,Кобринский район,5757.9,6,Июль
Могилевская,Кричевский,Кричевский район,5757.1,6,Июль
Минская,Жодино,Жодино,5757,1,Февраль
Гродненская область,Берестовицкий,Берестовицкий район,5757,11,Декабрь
Минская,Слуцкий,Слуцкий район,5756,8,Сентябрь
Брестская,Ивацевичский,Ивацевичский район,5755,6,Июль
Гродненская область,Берестовицкий,Берестовицкий район,5754.7,9,Октябрь
Гомельская область,Калинковичский,Калинковичский район,5754,9,Октябрь
Витебская,Витебск,Витебск,5752.7,0,Январь
Минская область,Узденский,Узденский район,5752.6,9,Октябрь
Гродненская,Ошмянский,Ошмянский район,5749.8,8,Сентябрь
Гомельская область,Калинковичский,Калинковичский район,5748.9,10,Ноябрь
Могилевская,Осиповичский,Осиповичский район,5747.8,5,Июнь
Могилевская,Шкловский,Шкловский район,5746.8,8,Сентябрь
Могилевская область,Шкловский,Шкловский район,5745.3,9,Октябрь
Гродненская,Всего,Гродненская область,5738.9,3,Апрель
Минская,Березинский,Березинский район,5732.1,6,Июль
Брестская,Пружанский,Пружанский район,5729.8,5,Июнь
Гродненская,Берестовицкий,Берестовицкий район,5729.1,4,Май
Могилевская,Осиповичский,Осиповичский район,5726,3,Апрель
Витебская,Всего,Витебская область,5724.7,3,Апрель
Могилевская область,Костюковичский,Костюковичский район,5724.7,9,Октябрь
Гродненская,Сморгонский,Сморгонский район,5724.4,6,Июль
Витебская,Верхнедвинский,Верхнедвинский район,5724.3,6,Июль
Могилевская,Всего,Могилевская область,5724,3,Апрель
Гродненская,Лидский,Лидский район,5723.5,6,Июль
Могилевская область,Осиповичский,Осиповичский район,5723.4,9,Октябрь
Минская,Вилейский,Вилейский район,5723.2,8,Сентябрь
Гомельская область,Рогачевский,Рогачевский район,5723,11,Декабрь
Гродненская,Всего,Гродненская область,5722.8,2,Март
Брестская,Каменецкий,Каменецкий район,5722.6,5,Июнь
Витебская,Витебский,Витебский район,5721.3,8,Сентябрь
Витебская,Оршанский,Оршанский район,5720.6,8,Сентябрь
Гродненская,Гродненский,Гродненский район,5718.4,1,Февраль
Гродненская,Ошмянский,Ошмянский район,5718.2,5,Июнь
Витебская,Верхнедвинский,Верхнедвинский район,5716.1,5,Июнь
Брестская область,Пружанский,Пружанский район,5713.3,10,Ноябрь
Гродненская,Островецкий,Островецкий район,5713.2,2,Март
Витебская,Полоцкий,Полоцкий район,5711.5,2,Март
Минская,Мядельский,Мядельский район,5711.2,5,Июнь
Брестская,Барановичи,Барановичи,5710,2,Март
Могилевская,Белыничский,Белыничский район,5705.7,4,Май
Гродненская,Лидский,Лидский район,5702.8,7,Август
Брестская,Всего,Брестская область,5702.6,4,Май
Брестская область,Каменецкий,Каменецкий район,5701.6,9,Октябрь
Гродненская,Лидский,Лидский район,5700.3,8,Сентябрь
Гродненская,Сморгонский,Сморгонский район,5698.9,5,Июнь
Могилевская,Круглянский,Круглянский район,5694.7,5,Июнь
Брестская область,Барановичский,Барановичский район,5694.7,10,Ноябрь
Минская,Несвижский,Несвижский район,5690.7,1,Февраль
Гродненская,Волковысский,Волковысский район,5690.4,3,Апрель
Минская область,Борисовский,Борисовский район,5690.2,10,Ноябрь
Могилевская,Бобруйск,Бобруйск,5688.2,4,Май
Брестская,Ляховичский,Ляховичский район,5683.8,7,Август
Минская,Борисовский,Борисовский район,5681,4,Май
Брестская,Ивацевичский,Ивацевичский район,5679.9,7,Август
Минская,Столбцовский,Столбцовский район,5679.7,3,Апрель
Брестская,Каменецкий,Каменецкий район,5678,4,Май
Минская,Березинский,Березинский район,5677.7,5,Июнь
Гродненская,Берестовицкий,Берестовицкий район,5677,3,Апрель
Гомельская,Рогачевский,Рогачевский район,5676.9,6,Июль
Минская,Вилейский,Вилейский район,5676.7,6,Июль
Минская,Жодино,Жодино,5673.8,0,Январь
Гродненская,Сморгонский,Сморгонский район,5670,8,Сентябрь
Минская,Молодечненский,Молодечненский район,5669.7,3,Апрель
Могилевская,Дрибинский,Дрибинский район,5669.3,7,Август
Брестская,Пинск,Пинск,5668.3,5,Июнь
Брестская,Березовский,Березовский район,5668.2,3,Апрель
Минская,Крупский,Крупский район,5666.3,6,Июль
Витебская,Дубровенский,Дубровенский район,5663.3,6,Июль
Брестская,Каменецкий,Каменецкий район,5660.3,3,Апрель
Могилевская,Осиповичский,Осиповичский район,5660,4,Май
Брестская,Лунинецкий,Лунинецкий район,5659.8,8,Сентябрь
Брестская область,Брестский,Брестский район,5659.5,10,Ноябрь
Минская,Узденский,Узденский район,5658.8,2,Март
Гродненская область,Лидский,Лидский район,5657.5,9,Октябрь
Могилевская,Круглянский,Круглянский район,5656.4,4,Май
Брестская,Кобринский,Кобринский район,5656,7,Август
Брестская,Пинск,Пинск,5651.8,7,Август
Брестская,Пружанский,Пружанский район,5650.7,4,Май
Могилевская,Дрибинский,Дрибинский район,5648.8,6,Июль
Витебская,Чашникский,Чашникский район,5647.2,3,Апрель
Брестская область,Пинск,Пинск,5646.9,10,Ноябрь
Витебская,Верхнедвинский,Верхнедвинский район,5645,8,Сентябрь
Гомельская,Чечерский,Чечерский район,5644.2,8,Сентябрь
Витебская,Оршанский,Оршанский район,5643.8,5,Июнь
Минская,Стародорожский,Стародорожский район,5643.4,6,Июль
Минская область,Вилейский,Вилейский район,5642.4,9,Октябрь
Витебская,Глубокский,Глубокский район,5641.6,7,Август
Могилевская,Круглянский,Круглянский район,5641.1,8,Сентябрь
Гомельская,Ветковский,Ветковский район,5640.8,8,Сентябрь
Минская,Мядельский,Мядельский район,5640.2,6,Июль
Брестская,Лунинецкий,Лунинецкий район,5637.6,7,Август
Гродненская,Волковысский,Волковысский район,5637.2,2,Март
Брестская,Барановичи,Барановичи,5636.9,3,Апрель
Могилевская,Белыничский,Белыничский район,5636.3,3,Апрель
Брестская,Кобринский,Кобринский район,5635.1,5,Июнь
Гродненская,Сморгонский,Сморгонский район,5634.5,4,Май
Витебская,Дубровенский,Дубровенский район,5633.9,4,Май
Минская,Стародорожский,Стародорожский район,5633.9,7,Август
Могилевская,Всего,Могилевская область,5633.5,2,Март
Могилевская,Костюковичский,Костюковичский район,5632.9,2,Март
Могилевская,Кличевский,Кличевский район,5631.8,7,Август
Могилевская,Бобруйск,Бобруйск,5631,3,Апрель
Витебская,Дубровенский,Дубровенский район,5629.2,8,Сентябрь
Могилевская область,Белыничский,Белыничский район,5627,9,Октябрь
Могилевская область,Осиповичский,Осиповичский район,5626,10,Ноябрь
Брестская,Брестский,Брестский район,5625.4,4,Май
Гомельская,Буда-Кошелевский,Буда-Кошелевский район,5625.3,7,Август
Витебская,Чашникский,Чашникский район,5623.5,5,Июнь
Витебская,Чашникский,Чашникский район,5622.9,8,Сентябрь
Витебская,Глубокский,Глубокский район,5621.6,6,Июль
Гродненская,Лидский,Лидский район,5621,5,Июнь
Минская,Воложинский,Воложинский район,5618.5,8,Сентябрь
Минская,Крупский,Крупский район,5615.8,3,Апрель
Витебская область,Оршанский,Оршанский район,5614.9,9,Октябрь
Гродненская,Берестовицкий,Берестовицкий район,5613.8,5,Июнь
Минская,Молодечненский,Молодечненский район,5612.7,2,Март
Гродненская,Гродненский,Гродненский район,5610.4,0,Январь
Брестская область,Барановичский,Барановичский район,5605.3,9,Октябрь
Брестская область,Кобринский,Кобринский район,5604.8,9,Октябрь
Гродненская,Ошмянский,Ошмянский район,5604.6,4,Май
Брестская область,Каменецкий,Каменецкий район,5604.4,10,Ноябрь
Минская,Клецкий,Клецкий район,5603,7,Август
Брестская,Ивановский,Ивановский район,5602.3,6,Июль
Витебская область,Верхнедвинский,Верхнедвинский район,5600.3,9,Октябрь
Брестская область,Лунинецкий,Лунинецкий район,5600.2,9,Октябрь
Витебская,Витебский,Витебский район,5599.2,5,Июнь
Брестская,Ивацевичский,Ивацевичский район,5597.9,8,Сентябрь
Брестская,Всего,Брестская область,5597.5,3,Апрель
Витебская,Витебский,Витебский район,5595.8,4,Май
Витебская область,Витебский,Витебский район,5595.2,11,Декабрь
Гродненская,Лидский,Лидский район,5594.6,4,Май
Гомельская,Всего,Гомельская область,5590.7,1,Февраль
Брестская область,Лунинецкий,Лунинецкий район,5589.9,10,Ноябрь
Брестская,Пинск,Пинск,5586.7,8,Сентябрь
Брестская,Березовский,Березовский район,5583.9,2,Март
Могилевская,Бобруйск,Бобруйск,5582.3,2,Март
Могилевская область,Шкловский,Шкловский район,5582.3,10,Ноябрь
Гомельская,Лельчицкий,Лельчицкий район,5580.8,6,Июль
Гомельская,Ветковский,Ветковский район,5580.6,7,Август
Гомельская,Чечерский,Чечерский район,5578.2,6,Июль
Брестская,Ивацевичский,Ивацевичский район,5577.9,5,Июнь
Минская,Копыльский,Копыльский район,5577.1,6,Июль
Минская,Воложинский,Воложинский район,5576.9,4,Май
Гродненская,Щучинский,Щучинский район,5576.1,5,Июнь
Минская область,Вилейский,Вилейский район,5574.9,11,Декабрь
Брестская,Жабинковский,Жабинковский район,5573.1,3,Апрель
Витебская,Всего,Витебская область,5572.2,2,Март
Гродненская область,Ошмянский,Ошмянский район,5571.9,9,Октябрь
Минская,Червенский,Червенский район,5568.1,4,Май
Могилевская,Кричевский,Кричевский район,5566.6,5,Июнь
Гомельская,Буда-Кошелевский,Буда-Кошелевский район,5565.5,6,Июль
Минская,Мядельский,Мядельский район,5564,8,Сентябрь
Могилевская область,Круглянский,Круглянский район,5561.3,9,Октябрь
Гродненская область,Сморгонский,Сморгонский район,5561.1,9,Октябрь
Гомельская,Калинковичский,Калинковичский район,5560.9,3,Апрель
Минская,Борисовский,Борисовский район,5559.6,2,Март
Гомельская,Добрушский,Добрушский район,5558.4,6,Июль
Минская,Березинский,Березинский район,5558.2,4,Май
Гомельская,Всего,Гомельская область,5558.1,0,Январь
Гомельская,Калинковичский,Калинковичский район,5557.5,2,Март
Брестская,Всего,Брестская область,5556.2,2,Март
Гомельская,Светлогорский,Светлогорский район,5553.3,1,Февраль
Гомельская,Светлогорский,Светлогорский район,5553.2,0,Январь
Витебская,Чашникский,Чашникский район,5551.7,4,Май
Брестская область,Кобринский,Кобринский район,5551.1,10,Ноябрь
Могилевская,Костюковичский,Костюковичский район,5551,3,Апрель
Гомельская,Добрушский,Добрушский район,5549.5,7,Август
Минская область,Узденский,Узденский район,5549.4,10,Ноябрь
Гродненская,Новогрудский,Новогрудский район,5548.5,7,Август
Витебская область,Оршанский,Оршанский район,5548.4,10,Ноябрь
Гродненская область,Щучинский,Щучинский район,5546.7,9,Октябрь
Минская,Столбцовский,Столбцовский район,5545.6,2,Март
Гродненская область,Сморгонский,Сморгонский район,5537.7,10,Ноябрь
Гродненская область,Щучинский,Щучинский район,5537.4,11,Декабрь
Витебская область,Витебский,Витебский район,5536.8,9,Октябрь
Гомельская,Рогачевский,Рогачевский район,5536.7,5,Июнь
Брестская,Брестский,Брестский район,5534.1,2,Март
Минская,Логойский,Логойский район,5533.6,1,Февраль
Витебская,Оршанский,Оршанский район,5532.6,4,Май
Могилевская,Быховский,Быховский район,5527.2,6,Июль
Витебская область,Верхнедвинский,Верхнедвинский район,5525.6,10,Ноябрь
Брестская область,Ивацевичский,Ивацевичский район,5522.5,9,Октябрь
Витебская,Оршанский,Оршанский район,5520.4,3,Апрель
Брестская,Пружанский,Пружанский район,5518.5,2,Март
Брестская,Ляховичский,Ляховичский район,5517.3,6,Июль
Гродненская,Новогрудский,Новогрудский район,5514.3,5,Июнь
Минская,Борисовский,Борисовский район,5514.2,3,Апрель
Могилевская,Белыничский,Белыничский район,5512.5,2,Март
Гродненская,Сморгонский,Сморгонский район,5510.7,3,Апрель
Минская,Вилейский,Вилейский район,5509.1,5,Июнь
Могилевская,Кировский,Кировский район,5508.4,6,Июль
Брестская,Пинск,Пинск,5508,4,Май
Могилевская область,Костюковичский,Костюковичский район,5505.9,10,Ноябрь
Гродненская,Зельвенский,Зельвенский район,5504.5,7,Август
Витебская область,Витебский,Витебский район,5504.3,10,Ноябрь
Гомельская область,Буда-Кошелевский,Буда-Кошелевский район,5503.7,9,Октябрь
Брестская,Брестский,Брестский район,5503.5,3,Апрель
Минская,Крупский,Крупский район,5502.2,5,Июнь
Минская,Несвижский,Несвижский район,5500.4,0,Январь
Минская,Крупский,Крупский район,5494.8,4,Май
Минская,Червенский,Червенский район,5494.2,5,Июнь
Минская область,Воложинский,Воложинский район,5493.1,11,Декабрь
Витебская область,Лепельский,Лепельский район,5488.3,11,Декабрь
Гомельская,Лельчицкий,Лельчицкий район,5488,7,Август
Брестская,Ивановский,Ивановский район,5487.1,7,Август
Минская область,Червенский,Червенский район,5485.9,9,Октябрь
Могилевская,Кричевский,Кричевский район,5479.9,4,Май
Витебская,Витебский,Витебский район,5479.6,3,Апрель
Могилевская,Могилевский,Могилевский район,5479.1,0,Январь
Минская,Пуховичский,Пуховичский район,5478.6,1,Февраль
Могилевская область,Кричевский,Кричевский район,5475.6,11,Декабрь
Витебская,Лепельский,Лепельский район,5475.1,5,Июнь
Гродненская область,Лидский,Лидский район,5473.1,10,Ноябрь
Гродненская,Новогрудский,Новогрудский район,5472.5,6,Июль
Могилевская область,Круглянский,Круглянский район,5472.4,10,Ноябрь
Могилевская область,Белыничский,Белыничский район,5469.6,10,Ноябрь
Минская,Любанский,Любанский район,5469.2,7,Август
Гомельская,Брагинский,Брагинский район,5467.1,8,Сентябрь
Витебская область,Чашникский,Чашникский район,5465.2,9,Октябрь
Гродненская,Ошмянский,Ошмянский район,5464.7,3,Апрель
Гродненская,Волковысский,Волковысский район,5464.7,0,Январь
Могилевская,Кричевский,Кричевский район,5464.7,8,Сентябрь
Могилевская,Горецкий,Горецкий район,5464.3,5,Июнь
Минская,Любанский,Любанский район,5463.1,6,Июль
Витебская,Лепельский,Лепельский район,5462.9,6,Июль
Гомельская,Лельчицкий,Лельчицкий район,5461.2,5,Июнь
Могилевская,Круглянский,Круглянский район,5460.8,3,Апрель
Гродненская область,Берестовицкий,Берестовицкий район,5457.4,10,Ноябрь
Могилевская,Горецкий,Горецкий район,5456.6,7,Август
Брестская,Пружанский,Пружанский район,5452.2,3,Апрель
Гомельская область,Ветковский,Ветковский район,5449.2,9,Октябрь
Брестская,Барановичский,Барановичский район,5447.4,3,Апрель
Могилевская,Дрибинский,Дрибинский район,5447.4,5,Июнь
Витебская,Лепельский,Лепельский район,5446.2,7,Август
Брестская,Кобринский,Кобринский район,5445.5,4,Май
Минская,Клецкий,Клецкий район,5445.2,6,Июль
Гомельская,Наровлянский,Наровлянский район,5445.1,7,Август
Гомельская,Рогачевский,Рогачевский район,5444.1,7,Август
Гомельская,Чечерский,Чечерский район,5442.8,7,Август
Гомельская область,Буда-Кошелевский,Буда-Кошелевский район,5441.5,11,Декабрь
Минская,Логойский,Логойский район,5441,0,Январь
Витебская область,Лепельский,Лепельский район,5439.3,9,Октябрь
Брестская,Ивацевичский,Ивацевичский район,5439.1,4,Май
Минская,Стародорожский,Стародорожский район,5435.5,5,Июнь
Брестская,Пинск,Пинск,5432.5,2,Март
Гомельская,Чечерский,Чечерский район,5431.7,5,Июнь
Могилевская,Шкловский,Шкловский район,5430.7,2,Март
Могилевская,Горецкий,Горецкий район,5429.8,6,Июль
Брестская,Барановичи,Барановичи,5428.8,1,Февраль
Брестская,Пинск,Пинск,5428.2,3,Апрель
Могилевская область,Горецкий,Горецкий район,5424.5,9,Октябрь
Минская,Березинский,Березинский район,5421.6,8,Сентябрь
Минская область,Березинский,Березинский район район,5419,11,Декабрь
Витебская,Глубокский,Глубокский район,5418.3,5,Июнь
Минская область,Воложинский,Воложинский район,5417.1,9,Октябрь
Могилевская область,Горецкий,Горецкий район,5416.8,11,Декабрь
Гомельская,Буда-Кошелевский,Буда-Кошелевский район,5414.4,4,Май
Витебская,Верхнедвинский,Верхнедвинский район,5413.2,4,Май
Минская область,Клецкий,Клецкий район,5413,11,Декабрь
Гомельская,Буда-Кошелевский,Буда-Кошелевский район,5412.2,8,Сентябрь
Минская область,Мядельский,Мядельский район,5412,10,Ноябрь
Гродненская,Берестовицкий,Берестовицкий район,5410.5,2,Март
Могилевская,Чериковский,Чериковский район,5407.6,7,Август
Брестская область,Ивановский,Ивановский район,5407.3,11,Декабрь
Могилевская область,Кричевский,Кричевский район,5407.2,9,Октябрь
Брестская,Кобринский,Кобринский район,5405.6,3,Апрель
Брестская,Жабинковский,Жабинковский район,5404.4,2,Март
Витебская,Полоцкий,Полоцкий район,5404,1,Февраль
Могилевская,Кличевский,Кличевский район,5403,5,Июнь
Гомельская,Буда-Кошелевский,Буда-Кошелевский район,5400.1,5,Июнь
Гомельская,Наровлянский,Наровлянский район,5400,8,Сентябрь
Гродненская,Всего,Гродненская область,5398.6,1,Февраль
Минская,Червенский,Червенский район,5398.5,8,Сентябрь
Витебская,Полоцкий,Полоцкий район,5393.2,0,Январь
Минская,Стародорожский,Стародорожский район,5389.8,4,Май
Гомельская,Рогачевский,Рогачевский район,5387.2,8,Сентябрь
Гродненская,Слонимский,Слонимский район,5386.2,8,Сентябрь
Минская,Стародорожский,Стародорожский район,5385.3,8,Сентябрь
Минская область,Вилейский,Вилейский район,5383,10,Ноябрь
Минская область,Крупский,Крупский район,5382.7,11,Декабрь
Гомельская область,Рогачевский,Рогачевский район,5381.7,9,Октябрь
Гомельская,Наровлянский,Наровлянский район,5381.6,6,Июль
Гомельская,Лельчицкий,Лельчицкий район,5381.2,8,Сентябрь
Могилевская,Климовичский,Климовичский район,5380.3,7,Август
Могилевская,Кировский,Кировский район,5378,5,Июнь
Гродненская,Лидский,Лидский район,5376.3,2,Март
Витебская,Витебский,Витебский район,5376.2,2,Март
Могилевская область,Климовичский,Климовичский район,5372.5,11,Декабрь
Могилевская,Осиповичский,Осиповичский район,5371.1,2,Март
Гродненская,Сморгонский,Сморгонский район,5370.9,2,Март
Гродненская,Слонимский,Слонимский район,5370.5,6,Июль
Минская,Крупский,Крупский район,5368,8,Сентябрь
Могилевская,Дрибинский,Дрибинский район,5366.3,4,Май
Минская область,Клецкий,Клецкий район,5363.2,9,Октябрь
Гомельская,Кормянский,Кормянский район,5362.3,7,Август
Витебская,Глубокский,Глубокский район,5359.7,3,Апрель
Могилевская,Быховский,Быховский район,5358.7,5,Июнь
Могилевская,Могилевский,Могилевский район,5358,1,Февраль
Минская,Пуховичский,Пуховичский район,5354.6,0,Январь
Могилевская область,Кричевский,Кричевский район,5353.2,10,Ноябрь
Могилевская,Кричевский,Кричевский район,5352.3,3,Апрель
Витебская,Толочинский,Толочинский район,5351.3,6,Июль
Могилевская,Чериковский,Чериковский район,5350.5,5,Июнь
Витебская,Глубокский,Глубокский район,5350,8,Сентябрь
Минская область,Червенский,Червенский район,5349.2,10,Ноябрь
Могилевская,Кировский,Кировский район,5347.6,7,Август
Витебская,Толочинский,Толочинский район,5345.4,8,Сентябрь
Брестская область,Ивацевичский,Ивацевичский район,5344.7,10,Ноябрь
Могилевская,Горецкий,Горецкий район,5341.6,8,Сентябрь
Могилевская,Климовичский,Климовичский район,5341.2,5,Июнь
Могилевская,Горецкий,Горецкий район,5339.7,4,Май
Брестская область,Ляховичский,Ляховичский район,5338.9,11,Декабрь
Витебская,Поставский,Поставский район,5338.3,7,Август
Брестская,Барановичский,Барановичский район,5337.1,4,Май
Витебская,Оршанский,Оршанский район,5336.8,2,Март
Гродненская область,Слонимский,Слонимский район,5336.6,11,Декабрь
Витебская,Всего,Витебская область,5336.3,1,Февраль
Гродненская,Слонимский,Слонимский район,5336.2,5,Июнь
Брестская,Лунинецкий,Лунинецкий район,5335.9,5,Июнь
Гродненская,Всего,Гродненская область,5335.1,0,Январь
Брестская,Барановичи,Барановичи,5334.9,0,Январь
Минская,Копыльский,Копыльский район,5332.3,5,Июнь
Могилевская,Климовичский,Климовичский район,5330.2,6,Июль
Гродненская,Волковысский,Волковысский район,5328.8,1,Февраль
Брестская,Ивановский,Ивановский район,5327.3,5,Июнь
Могилевская,Бобруйский,Бобруйский район,5327.2,6,Июль
Гродненская,Лидский,Лидский район,5322.4,3,Апрель
Минская область,Стародорожский,Стародорожский район,5322.4,11,Декабрь
Минская,Клецкий,Клецкий район,5322.1,5,Июнь
Брестская область,Ивановский,Ивановский район,5322.1,9,Октябрь
Минская,Мядельский,Мядельский район,5321.9,4,Май
Минская,Березинский,Березинский район,5320.7,3,Апрель
Минская,Клецкий,Клецкий район,5320.2,4,Май
Гомельская область,Лельчицкий,Лельчицкий район,5320.1,9,Октябрь
Витебская,Верхнедвинский,Верхнедвинский район,5317.7,3,Апрель
Минская,Молодечненский,Молодечненский район,5317.6,1,Февраль
Витебская,Всего,Витебская область,5316.9,0,Январь
Минская,Вилейский,Вилейский район,5316.9,4,Май
Минская,Любанский,Любанский район,5313.2,5,Июнь
Гродненская,Новогрудский,Новогрудский район,5312.5,8,Сентябрь
Брестская,Каменецкий,Каменецкий район,5310.6,2,Март
Витебская,Россонский,Россонский район,5310.4,6,Июль
Витебская,Глубокский,Глубокский район,5306.4,4,Май
Брестская,Березовский,Березовский район,5306.3,0,Январь
Брестская,Ивановский,Ивановский район,5304.1,8,Сентябрь
Брестская,Барановичский,Барановичский район,5299.5,2,Март
Минская область,Мядельский,Мядельский район,5299.4,9,Октябрь
Гомельская,Гомельский,Гомельский район,5297.7,0,Январь
Гомельская область,Чечерский,Чечерский район,5297.7,9,Октябрь
Минская,Червенский,Червенский район,5296.3,3,Апрель
Витебская область,Чашникский,Чашникский район,5296,10,Ноябрь
Могилевская,Бобруйск,Бобруйск,5294.5,1,Февраль
Гродненская,Щучинский,Щучинский район,5293.5,4,Май
Брестская,Пинский,Пинский район,5293.4,7,Август
Минская,Молодечненский,Молодечненский район,5292.7,0,Январь
Могилевская,Чаусский,Чаусский район,5292,7,Август
Витебская область,Дубровенский,Дубровенский район,5292,11,Декабрь
Гомельская,Гомельский,Гомельский район,5291.4,1,Февраль
Гродненская,Кореличский,Кореличский район,5291,6,Июль
Могилевская,Всего,Могилевская область,5289.8,1,Февраль
Гродненская область,Слонимский,Слонимский район,5289.2,9,Октябрь
Гомельская,Кормянский,Кормянский район,5289,6,Июль
Витебская,Лепельский,Лепельский район,5287.9,4,Май
Гомельская,Брагинский,Брагинский район,5286.3,6,Июль
Брестская,Березовский,Березовский район,5285.9,1,Февраль
Гродненская,Дятловский,Дятловский район,5285.1,7,Август
Брестская область,Малоритский,Малоритский район,5284.6,11,Декабрь
Брестская область,Ляховичский,Ляховичский район,5284,9,Октябрь
Могилевская,Кличевский,Кличевский район,5280.9,8,Сентябрь
Гродненская область,Дятловский,Дятловский район,5279,11,Декабрь
Витебская область,Дубровенский,Дубровенский район,5277.5,9,Октябрь
Гродненская,Зельвенский,Зельвенский район,5276.9,6,Июль
Могилевская,Дрибинский,Дрибинский район,5275.7,8,Сентябрь
Минская,Клецкий,Клецкий район,5274.9,8,Сентябрь
Гомельская,Ветковский,Ветковский район,5274.1,6,Июль
Минская область,Копыльский,Копыльский район,5274.1,11,Декабрь
Минская,Вилейский,Вилейский район,5272.7,3,Апрель
Минская,Копыльский,Копыльский район,5271.7,8,Сентябрь
Могилевская,Осиповичский,Осиповичский район,5271.4,1,Февраль
Витебская область,Толочинский,Толочинский район,5269.6,9,Октябрь
Витебская область,Глубокский,Глубокский район,5269.1,9,Октябрь
Гродненская область,Щучинский,Щучинский район,5268,10,Ноябрь
Гомельская,Наровлянский,Наровлянский район,5267.1,4,Май
Гомельская,Лельчицкий,Лельчицкий район,5266.8,4,Май
Гродненская область,Новогрудский,Новогрудский район,5266.6,9,Октябрь
Могилевская,Быховский,Быховский район,5266.2,7,Август
Витебская,Докшицкий,Докшицкий район,5265.2,7,Август
Брестская,Ганцевичский,Ганцевичский район,5264.9,7,Август
Гомельская область,Наровлянский,Наровлянский район,5263.6,11,Декабрь
Минская,Стародорожский,Стародорожский район,5262.9,3,Апрель
Брестская область,Пинский,Пинский район,5262.6,11,Декабрь
Могилевская,Чериковский,Чериковский район,5262.4,6,Июль
Минская область,Стародорожский,Стародорожский район,5260.3,9,Октябрь
Витебская,Россонский,Россонский район,5259,7,Август
Брестская,Брестский,Брестский район,5258.3,0,Январь
Могилевская,Всего,Могилевская область,5257.2,0,Январь
Гомельская,Рогачевский,Рогачевский район,5255.8,4,Май
Могилевская область,Дрибинский,Дрибинский район,5254.8,11,Декабрь
Гродненская область,Новогрудский,Новогрудский район,5252,11,Декабрь
Витебская,Дубровенский,Дубровенский район,5251.8,3,Апрель
Гомельская,Чечерский,Чечерский район,5250.8,3,Апрель
Минская,Любанский,Любанский район,5249.6,8,Сентябрь
Минская,Слуцкий,Слуцкий район,5249.5,0,Январь
Гродненская,Слонимский,Слонимский район,5246.7,7,Август
Брестская,Ляховичский,Ляховичский район,5245.3,5,Июнь
Брестская область,Ивановский,Ивановский район,5244.7,10,Ноябрь
Гродненская область,Кореличский,Кореличский район,5243.6,11,Декабрь
Брестская,Ивацевичский,Ивацевичский район,5243.3,3,Апрель
Минская,Любанский,Любанский район,5241.5,4,Май
Гомельская область,Наровлянский,Наровлянский район,5241.5,9,Октябрь
Могилевская,Бобруйский,Бобруйский район,5240.8,5,Июнь
Могилевская,Краснопольский,Краснопольский район,5240.5,7,Август
Брестская,Лунинецкий,Лунинецкий район,5238.6,4,Май
Витебская,Лепельский,Лепельский район,5238.3,8,Сентябрь
Витебская область,Толочинский,Толочинский район,5237.7,11,Декабрь
Минская,Воложинский,Воложинский район,5236.4,3,Апрель
Гомельская,Добрушский,Добрушский район,5234.9,5,Июнь
Брестская,Ганцевичский,Ганцевичский район,5233.2,6,Июль
Витебская,Докшицкий,Докшицкий район,5231.8,6,Июль
Витебская,Бешенковичский,Бешенковичский район,5231.4,7,Август
Минская область,Березинский,Березинский район,5230,9,Октябрь
Гомельская,Брагинский,Брагинский район,5229.9,7,Август
Брестская,Пинский,Пинский район,5229.3,6,Июль
Брестская,Малоритский,Малоритский район,5228.7,6,Июль
Могилевская,Бобруйск,Бобруйск,5228.3,0,Январь
Гродненская,Щучинский,Щучинский район,5227.9,2,Март
Гомельская область,Житковичский,Житковичский район,5227.4,11,Декабрь
Витебская,Лиозненский,Лиозненский район,5225.5,7,Август
Гродненская область,Ошмянский,Ошмянский район,5225.4,10,Ноябрь
Могилевская,Славгородский,Славгородский район,5223.2,7,Август
Могилевская,Круглянский,Круглянский район,5221.6,2,Март
Витебская,Толочинский,Толочинский район,5221.2,5,Июнь
Гомельская,Добрушский,Добрушский район,5220.4,8,Сентябрь
Брестская,Ивановский,Ивановский район,5220.1,4,Май
Брестская,Всего,Брестская область,5219.8,1,Февраль
Гомельская,Житковичский,Житковичский район,5218.8,7,Август
Могилевская область,Дрибинский,Дрибинский район,5216.4,9,Октябрь
Гродненская,Новогрудский,Новогрудский район,5215,4,Май
Гродненская,Берестовицкий,Берестовицкий район,5214.3,1,Февраль
Гродненская,Кореличский,Кореличский район,5212.9,5,Июнь
Минская,Узденский,Узденский район,5210.9,0,Январь
Гомельская область,Ельский,Ельский район,5209,9,Октябрь
Брестская область,Пинский,Пинский район,5208,9,Октябрь
Гомельская область,Чечерский,Чечерский район,5207.4,11,Декабрь
Гродненская,Свислочский,Свислочский район,5207,6,Июль
Могилевская,Чериковский,Чериковский район,5203.8,4,Май
Брестская,Жабинковский,Жабинковский район,5203.4,1,Февраль
Брестская область,Ганцевичский,Ганцевичский район,5202.5,11,Декабрь
Могилевская область,Горецкий,Горецкий район,5202.2,10,Ноябрь
Гомельская,Рогачевский,Рогачевский район,5199.8,3,Апрель
Витебская,Лепельский,Лепельский район,5199.6,2,Март
Минская область,Крупский,Крупский район,5199.5,9,Октябрь
Гродненская,Вороновский,Вороновский район,5197.1,7,Август
Могилевская,Чаусский,Чаусский район,5196.7,6,Июль
Гомельская,Хойникский,Хойникский район,5191.1,6,Июль
Гомельская область,Добрушский,Добрушский район,5189.9,9,Октябрь
Гомельская область,Житковичский,Житковичский район,5189.8,9,Октябрь
Минская область,Воложинский,Воложинский район,5189.6,10,Ноябрь
Могилевская,Костюковичский,Костюковичский район,5187.8,1,Февраль
Минская область,Крупский,Крупский район,5186.6,10,Ноябрь
Могилевская,Быховский,Быховский район,5185,8,Сентябрь
Минская,Столбцовский,Столбцовский район,5184.6,0,Январь
Гродненская,Кореличский,Кореличский район,5184.3,8,Сентябрь
Минская,Червенский,Червенский район,5184.2,2,Март
Гомельская,Ельский,Ельский район,5183.8,6,Июль
Минская область,Клецкий,Клецкий район,5181.6,10,Ноябрь
Гомельская,Житковичский,Житковичский район,5181.4,6,Июль
Гродненская,Слонимский,Слонимский район,5179.7,3,Апрель
Могилевская,Кличевский,Кличевский район,5176.3,4,Май
Гомельская область,Буда-Кошелевский,Буда-Кошелевский район,5175.9,10,Ноябрь
Гродненская область,Дятловский,Дятловский район,5174.8,9,Октябрь
Могилевская область,Быховский,Быховский район,5173.8,9,Октябрь
Гомельская область,Рогачевский,Рогачевский район,5170.4,10,Ноябрь
Гомельская,Ельский,Ельский район,5170.1,7,Август
Могилевская,Горецкий,Горецкий район,5169.4,3,Апрель
Брестская,Брестский,Брестский район,5168.7,1,Февраль
Гомельская,Хойникский,Хойникский район,5168.6,7,Август
Могилевская,Глусский,Глусский район,5168.3,6,Июль
Витебская,Россонский,Россонский район,5168.1,5,Июнь
Могилевская,Кличевский,Кличевский район,5168,3,Апрель
Брестская,Всего,Брестская область,5166.5,0,Январь
Витебская область,Толочинский,Толочинский район,5166.1,10,Ноябрь
Могилевская область,Чериковский,Чериковский район,5163.5,11,Декабрь
Минская,Стародорожский,Стародорожский район,5163.4,2,Март
Гродненская,Вороновский,Вороновский район,5157.3,8,Сентябрь
Могилевская,Быховский,Быховский район,5157,4,Май
Гомельская,Чечерский,Чечерский район,5156.9,2,Март
Могилевская область,Быховский,Быховский район,5156.6,11,Декабрь
Гродненская,Новогрудский,Новогрудский район,5156.4,3,Апрель
Витебская,Толочинский,Толочинский район,5155.6,4,Май
Гродненская,Свислочский,Свислочский район,5155.3,7,Август
Гомельская,Калинковичский,Калинковичский район,5154.6,1,Февраль
Минская,Копыльский,Копыльский район,5154.6,4,Май
Брестская,Ляховичский,Ляховичский район,5153.8,8,Сентябрь
Минская,Столбцовский,Столбцовский район,5153.2,1,Февраль
Брестская,Ляховичский,Ляховичский район,5153,4,Май
Минская область,Любанский,Любанский район,5152.2,9,Октябрь
Брестская,Ивацевичский,Ивацевичский район,5152,2,Март
Могилевская,Шкловский,Шкловский район,5149.5,1,Февраль
Гомельская,Чечерский,Чечерский район,5149.4,4,Май
Могилевская,Климовичский,Климовичский район,5148.3,4,Май
Гродненская,Мостовский,Мостовский район,5147.1,7,Август
Витебская,Оршанский,Оршанский район,5146.8,1,Февраль
Гродненская,Ивьевский,Ивьевский район,5145.2,7,Август
Могилевская,Дрибинский,Дрибинский район,5144.7,3,Апрель
Могилевская,Кричевский,Кричевский район,5144.3,2,Март
Брестская,Пинский,Пинский район,5142.8,8,Сентябрь
Гродненская,Лидский,Лидский район,5142.6,1,Февраль
Брестская,Кобринский,Кобринский район,5139.2,2,Март
Гомельская,Житковичский,Житковичский район,5136.3,8,Сентябрь
Гомельская область,Ветковский,Ветковский район,5135.5,11,Декабрь
Могилевская,Осиповичский,Осиповичский район,5134.7,0,Январь
Могилевская,Шкловский,Шкловский район,5134.1,0,Январь
Гродненская,Сморгонский,Сморгонский район,5133.7,1,Февраль
Гродненская,Ошмянский,Ошмянский район,5133.3,2,Март
Витебская область,Дубровенский,Дубровенский район,5131.9,10,Ноябрь
Витебская,Миорский,Миорский район,5131.5,7,Август
Минская область,Березинский,Березинский район,5130.6,10,Ноябрь
Брестская,Лунинецкий,Лунинецкий район,5129.8,3,Апрель
Могилевская,Хотимский,Хотимский район,5128.6,7,Август
Гродненская,Островецкий,Островецкий район,5128,1,Февраль
Могилевская,Хотимский,Хотимский район,5125.7,6,Июль
Брестская область,Малоритский,Малоритский район,5125,10,Ноябрь
Гродненская,Слонимский,Слонимский район,5122.9,4,Май
Могилевская,Глусский,Глусский район,5122.7,7,Август
Минская,Клецкий,Клецкий район,5122,3,Апрель
Могилевская область,Чериковский,Чериковский район,5121.4,9,Октябрь
Гомельская область,Ветковский,Ветковский район,5119.8,10,Ноябрь
Минская,Борисовский,Борисовский район,5119.5,1,Февраль
Витебская,Бешенковичский,Бешенковичский район,5117.6,6,Июль
Минская,Вилейский,Вилейский район,5117.1,2,Март
Витебская,Лепельский,Лепельский район,5117,3,Апрель
Витебская,Витебский,Витебский район,5116.1,0,Январь
Гродненская,Дятловский,Дятловский район,5114.2,8,Сентябрь
Гродненская область,Кореличский,Кореличский район,5114.2,9,Октябрь
Гомельская область,Наровлянский,Наровлянский район,5113.7,10,Ноябрь
Гродненская,Щучинский,Щучинский район,5113.6,3,Апрель
Минская,Узденский,Узденский район,5112.2,1,Февраль
Брестская область,Столинский,Столинский район,5111.7,11,Декабрь
Минская,Мядельский,Мядельский район,5111.4,3,Апрель
Минская,Воложинский,Воложинский район,5110.3,2,Март
Витебская,Чашникский,Чашникский район,5109.4,1,Февраль
Гомельская,Ельский,Ельский район,5108.2,8,Сентябрь
Гродненская,Новогрудский,Новогрудский район,5105.9,2,Март
Гомельская,Буда-Кошелевский,Буда-Кошелевский район,5103,3,Апрель
Минская,Борисовский,Борисовский район,5102.9,0,Январь
Брестская,Дрогичинский,Дрогичинский район,5100.5,6,Июль
Брестская область,Ганцевичский,Ганцевичский район,5098.6,9,Октябрь
Гомельская,Калинковичский,Калинковичский район,5097.5,0,Январь
Могилевская,Хотимский,Хотимский район,5097.5,5,Июнь
Гродненская,Дятловский,Дятловский район,5097.2,5,Июнь
Брестская,Столинский,Столинский район,5096.5,6,Июль
Витебская,Докшицкий,Докшицкий район,5094.7,5,Июнь
Витебская,Поставский,Поставский район,5094.6,6,Июль
Минская,Слуцкий,Слуцкий район,5093.1,1,Февраль
Витебская,Чашникский,Чашникский район,5091.8,2,Март
Минская,Березинский,Березинский район,5090.9,2,Март
Могилевская,Глусский,Глусский район,5089.1,4,Май
Брестская,Ивановский,Ивановский район,5087.8,2,Март
Минская область,Копыльский,Копыльский район,5087.6,10,Ноябрь
Брестская,Малоритский,Малоритский район,5086.1,7,Август
Гродненская область,Новогрудский,Новогрудский район,5085.5,10,Ноябрь
Витебская,Поставский,Поставский район,5082.9,8,Сентябрь
Гомельская,Лельчицкий,Лельчицкий район,5079.5,3,Апрель
Могилевская,Краснопольский,Краснопольский район,5079.5,6,Июль
Гомельская,Добрушский,Добрушский район,5077.3,4,Май
Гомельская,Октябрьский,Октябрьский район,5074.6,6,Июль
Могилевская,Чериковский,Чериковский район,5073.7,3,Апрель
Гродненская область,Слонимский,Слонимский район,5072.4,10,Ноябрь
Витебская,Поставский,Поставский район,5070.7,5,Июнь
Могилевская,Мстиславский,Мстиславский район,5069.4,7,Август
Брестская область,Ляховичский,Ляховичский район,5068.5,10,Ноябрь
Могилевская область,Кличевский,Кличевский район,5068.2,11,Декабрь
Витебская,Шумилинский,Шумилинский район,5066.6,7,Август
Минская,Копыльский,Копыльский район,5064.1,3,Апрель
Брестская,Жабинковский,Жабинковский район,5063.8,0,Январь
Брестская область,Малоритский,Малоритский район,5057.7,9,Октябрь
Могилевская,Славгородский,Славгородский район,5057.4,6,Июль
Брестская,Пинск,Пинск,5056.5,1,Февраль
Минская область,Копыльский,Копыльский район,5055.8,9,Октябрь
Гомельская,Рогачевский,Рогачевский район,5055.6,2,Март
Витебская,Докшицкий,Докшицкий район,5054.8,8,Сентябрь
Могилевская,Кировский,Кировский район,5054.6,3,Апрель
Могилевская,Чаусский,Чаусский район,5051.3,5,Июнь
Гомельская,Ветковский,Ветковский район,5049.4,4,Май
Гомельская,Наровлянский,Наровлянский район,5049.3,5,Июнь
Могилевская область,Кличевский,Кличевский район,5048.8,9,Октябрь
Витебская область,Поставский,Поставский район,5048,11,Декабрь
Витебская,Оршанский,Оршанский район,5047.4,0,Январь
Минская область,Любанский,Любанский район,5047.3,11,Декабрь
Гомельская,Ельский,Ельский район,5047,3,Апрель
Брестская,Малоритский,Малоритский район,5046.2,5,Июнь
Гомельская,Буда-Кошелевский,Буда-Кошелевский район,5046.1,2,Март
Могилевская,Климовичский,Климовичский район,5044,3,Апрель
Гомельская,Лельчицкий,Лельчицкий район,5043.6,2,Март
Гомельская,Ветковский,Ветковский район,5039.7,5,Июнь
Гомельская,Ельский,Ельский район,5038.9,5,Июнь
Гомельская,Лоевский,Лоевский район,5037.8,6,Июль
Могилевская,Краснопольский,Краснопольский район,5037.7,5,Июнь
Брестская,Малоритский,Малоритский район,5036.9,4,Май
Гомельская,Житковичский,Житковичский район,5036.7,4,Май
Могилевская,Кировский,Кировский район,5035.3,4,Май
Гродненская,Зельвенский,Зельвенский район,5034.6,8,Сентябрь
Гомельская,Ельский,Ельский район,5033.2,2,Март
Могилевская,Краснопольский,Краснопольский район,5032.9,8,Сентябрь
Могилевская,Кличевский,Кличевский район,5030.2,2,Март
Могилевская,Климовичский,Климовичский район,5029.7,2,Март
Витебская,Шумилинский,Шумилинский район,5029,6,Июль
Гродненская,Свислочский,Свислочский район,5027.2,5,Июнь
Гомельская,Ветковский,Ветковский район,5026.6,3,Апрель
Гродненская,Сморгонский,Сморгонский район,5026.2,0,Январь
Могилевская,Бобруйский,Бобруйский район,5026.2,7,Август
Витебская,Витебский,Витебский район,5025,1,Февраль
Брестская,Ляховичский,Ляховичский район,5024.1,3,Апрель
Брестская,Ляховичский,Ляховичский район,5022.9,2,Март
Могилевская,Белыничский,Белыничский район,5020,0,Январь
Витебская,Толочинский,Толочинский район,5015.6,3,Апрель
Брестская,Ивановский,Ивановский район,5015.2,3,Апрель
Гродненская область,Зельвенский,Зельвенский район,5015,9,Октябрь
Могилевская,Горецкий,Горецкий район,5014.8,2,Март
Могилевская,Кировский,Кировский район,5011,8,Сентябрь
Могилевская,Быховский,Быховский район,5009.3,3,Апрель
Брестская,Пружанский,Пружанский район,5008,0,Январь
Минская,Крупский,Крупский район,5006.8,2,Март
Могилевская область,Климовичский,Климовичский район,5005.4,9,Октябрь
Гомельская,Октябрьский,Октябрьский район,5002.8,7,Август
Гродненская,Вороновский,Вороновский район,5002.5,6,Июль
Могилевская область,Дрибинский,Дрибинский район,5001,10,Ноябрь
Гомельская,Кормянский,Кормянский район,5000.8,8,Сентябрь
Брестская,Лунинецкий,Лунинецкий район,5000.7,2,Март
Минская,Мядельский,Мядельский район,5000.5,2,Март
Брестская область,Дрогичинский,Дрогичинский район,5000.4,11,Декабрь
Гомельская,Октябрьский,Октябрьский район,5000.3,4,Май
Гомельская,Житковичский,Житковичский район,4999.9,5,Июнь
Минская область,Стародорожский,Стародорожский район,4999.6,10,Ноябрь
Могилевская область,Быховский,Быховский район,4999.1,10,Ноябрь
Могилевская,Бобруйский,Бобруйский район,4999,4,Май
Брестская,Каменецкий,Каменецкий район,4998.9,1,Февраль
Витебская,Сенненский,Сенненский район,4997.4,7,Август
Гомельская область,Брагинский,Брагинский район,4996.6,9,Октябрь
Могилевская,Чериковский,Чериковский район,4996.4,8,Сентябрь
Витебская,Поставский,Поставский район,4995.9,4,Май
Витебская,Глубокский,Глубокский район,4995.7,2,Март
Брестская,Ганцевичский,Ганцевичский район,4993.8,8,Сентябрь
Могилевская,Белыничский,Белыничский район,4992.7,1,Февраль
Брестская,Малоритский,Малоритский район,4991.5,8,Сентябрь
Витебская область,Глубокский,Глубокский район,4991.5,11,Декабрь
Могилевская,Чаусский,Чаусский район,4990.7,4,Май
Могилевская,Костюковичский,Костюковичский район,4990.4,0,Январь
Брестская область,Пинский,Пинский район,4989.9,10,Ноябрь
Витебская,Россонский,Россонский район,4988.6,8,Сентябрь
Гродненская область,Свислочский,Свислочский район,4987.2,11,Декабрь
Гродненская,Вороновский,Вороновский район,4986.4,5,Июнь
Гродненская область,Кореличский,Кореличский район,4984.4,10,Ноябрь
Брестская,Пинский,Пинский район,4981.2,5,Июнь
Гродненская,Дятловский,Дятловский район,4980.8,6,Июль
Брестская,Дрогичинский,Дрогичинский район,4980,7,Август
Могилевская область,Чериковский,Чериковский район,4977.3,10,Ноябрь
Гомельская область,Добрушский,Добрушский район,4976.4,11,Декабрь
Минская,Клецкий,Клецкий район,4976,2,Март
Гродненская,Лидский,Лидский район,4971.8,0,Январь
Гомельская,Кормянский,Кормянский район,4971.8,4,Май
Гомельская,Ельский,Ельский район,4970.9,4,Май
Минская,Любанский,Любанский район,4969.6,3,Апрель
Могилевская,Глусский,Глусский район,4968.4,5,Июнь
Минская область,Любанский,Любанский район,4967.9,10,Ноябрь
Гродненская,Зельвенский,Зельвенский район,4967.2,5,Июнь
Гродненская,Кореличский,Кореличский район,4966.8,4,Май
Могилевская,Климовичский,Климовичский район,4961,8,Сентябрь
Могилевская область,Чаусский,Чаусский район,4960.5,11,Декабрь
Гродненская,Зельвенский,Зельвенский район,4958.6,4,Май
Могилевская,Кричевский,Кричевский район,4957.7,0,Январь
Брестская,Дрогичинский,Дрогичинский район,4957.5,8,Сентябрь
Могилевская,Дрибинский,Дрибинский район,4956.6,2,Март
Витебская,Бешенковичский,Бешенковичский район,4954.6,5,Июнь
Витебская,Лиозненский,Лиозненский район,4954.2,5,Июнь
Гомельская,Брагинский,Брагинский район,4951.6,5,Июнь
Могилевская,Славгородский,Славгородский район,4950.5,8,Сентябрь
Витебская,Россонский,Россонский район,4948.1,4,Май
Брестская,Пинск,Пинск,4947.8,0,Январь
Гомельская,Хойникский,Хойникский район,4947.6,5,Июнь
Гомельская,Петриковский,Петриковский район,4947.1,7,Август
Витебская,Сенненский,Сенненский район,4946.7,6,Июль
Гродненская,Свислочский,Свислочский район,4946.3,4,Май
Брестская область,Ганцевичский,Ганцевичский район,4941.6,10,Ноябрь
Брестская,Пружанский,Пружанский район,4941.2,1,Февраль
Гомельская область,Ельский,Ельский район,4941.2,11,Декабрь
Гомельская,Октябрьский,Октябрьский район,4937.2,5,Июнь
Витебская,Дубровенский,Дубровенский район,4936.1,2,Март
Гомельская,Добрушский,Добрушский район,4935.3,3,Апрель
Гродненская,Мостовский,Мостовский район,4933.8,6,Июль
Могилевская,Мстиславский,Мстиславский район,4933.4,6,Июль
Гомельская область,Чечерский,Чечерский район,4931.8,10,Ноябрь
Витебская,Шумилинский,Шумилинский район,4929.5,5,Июнь
Гомельская,Петриковский,Петриковский район,4926.3,5,Июнь
Витебская,Лиозненский,Лиозненский район,4926,6,Июль
Могилевская,Славгородский,Славгородский район,4925.5,5,Июнь
Могилевская,Чаусский,Чаусский район,4923.6,8,Сентябрь
Витебская область,Россонский,Россонский район,4922.3,11,Декабрь
Гродненская,Слонимский,Слонимский район,4922.2,2,Март
Гомельская,Петриковский,Петриковский район,4920.5,6,Июль
Могилевская,Быховский,Быховский район,4919,2,Март
Гродненская,Свислочский,Свислочский район,4918.6,8,Сентябрь
Гомельская,Наровлянский,Наровлянский район,4918.3,3,Апрель
Могилевская,Глусский,Глусский район,4917.3,8,Сентябрь
Витебская область,Глубокский,Глубокский район,4915,10,Ноябрь
Брестская,Ганцевичский,Ганцевичский район,4914.8,5,Июнь
Брестская,Столинский,Столинский район,4914.1,5,Июнь
Могилевская,Круглянский,Круглянский район,4913.1,1,Февраль
Брестская,Дрогичинский,Дрогичинский район,4912.7,5,Июнь
Могилевская,Краснопольский,Краснопольский район,4910.6,4,Май
Гродненская,Мостовский,Мостовский район,4909.8,8,Сентябрь
Витебская область,Лепельский,Лепельский район,4908.3,10,Ноябрь
Витебская,Верхнедвинский,Верхнедвинский район,4907.7,2,Март
Витебская,Россонский,Россонский район,4903.5,3,Апрель
Гомельская,Житковичский,Житковичский район,4903.3,3,Апрель
Гомельская,Ветковский,Ветковский район,4903.1,2,Март
Витебская,Лиозненский,Лиозненский район,4902.1,4,Май
Могилевская область,Кировский,Кировский район,4900.4,11,Декабрь
Могилевская область,Кличевский,Кличевский район,4899.5,10,Ноябрь
Гомельская,Брагинский,Брагинский район,4899.4,3,Апрель
Могилевская,Славгородский,Славгородский район,4898.2,4,Май
Гомельская,Житковичский,Житковичский район,4897.2,2,Март
Могилевская область,Бобруйский,Бобруйский район,4896.6,11,Декабрь
Минская,Копыльский,Копыльский район,4896,2,Март
Могилевская область,Климовичский,Климовичский район,4892.6,10,Ноябрь
Гомельская,Хойникский,Хойникский район,4890.1,4,Май
Брестская,Кобринский,Кобринский район,4889.7,1,Февраль
Гомельская,Кормянский,Кормянский район,4889.3,5,Июнь
Гродненская,Берестовицкий,Берестовицкий район,4888.5,0,Январь
Витебская,Докшицкий,Докшицкий район,4886.8,4,Май
Витебская,Городокский,Городокский район,4886.4,6,Июль
Могилевская область,Славгородский,Славгородский район,4883.7,11,Декабрь
Витебская,Сенненский,Сенненский район,4881.8,4,Май
Гомельская,Хойникский,Хойникский район,4881.7,8,Сентябрь
Гродненская,Островецкий,Островецкий район,4881.6,0,Январь
Могилевская область,Краснопольский,Краснопольский район,4881.5,11,Декабрь
Витебская,Чашникский,Чашникский район,4881.2,0,Январь
Гомельская область,Хойникский,Хойникский район,4880.6,9,Октябрь
Брестская,Ивацевичский,Ивацевичский район,4878.6,1,Февраль
Гродненская,Дятловский,Дятловский район,4877.6,4,Май
Брестская область,Дрогичинский,Дрогичинский район,4876.4,9,Октябрь
Брестская,Столинский,Столинский район,4876,7,Август
Витебская область,Поставский,Поставский район,4872.6,9,Октябрь
Минская,Крупский,Крупский район,4868.5,1,Февраль
Брестская,Каменецкий,Каменецкий район,4868.1,0,Январь
Гродненская,Ивьевский,Ивьевский район,4867.6,6,Июль
Гомельская область,Лельчицкий,Лельчицкий район,4864.8,11,Декабрь
Гомельская область,Житковичский,Житковичский район,4863.3,10,Ноябрь
Гродненская,Вороновский,Вороновский район,4862.4,4,Май
Могилевская область,Славгородский,Славгородский район,4859.2,9,Октябрь
Витебская область,Россонский,Россонский район,4858.5,9,Октябрь
Гродненская область,Вороновский,Вороновский район,4858.4,9,Октябрь
Могилевская,Горецкий,Горецкий район,4856.6,1,Февраль
Гродненская,Слонимский,Слонимский район,4852.5,1,Февраль
Могилевская,Круглянский,Круглянский район,4850.8,0,Январь
Витебская,Лепельский,Лепельский район,4848.6,1,Февраль
Гомельская,Кормянский,Кормянский район,4847.9,3,Апрель
Гомельская,Рогачевский,Рогачевский район,4847.8,0,Январь
Гродненская,Мостовский,Мостовский район,4847.7,5,Июнь
Гомельская,Добрушский,Добрушский район,4846.3,2,Март
Брестская,Кобринский,Кобринский район,4845.2,0,Январь
Витебская,Сенненский,Сенненский район,4844.9,5,Июнь
Могилевская,Чериковский,Чериковский район,4844.4,2,Март
Брестская,Ивацевичский,Ивацевичский район,4841,0,Январь
Брестская,Ганцевичский,Ганцевичский район,4840.5,4,Май
Брестская,Столинский,Столинский район,4840.5,8,Сентябрь
Витебская,Лиозненский,Лиозненский район,4839.1,8,Сентябрь
Гомельская область,Октябрьский,Октябрьский район,4837.6,9,Октябрь
Витебская,Глубокский,Глубокский район,4837.2,0,Январь
Гродненская,Кореличский,Кореличский район,4832.6,2,Март
Витебская,Шумилинский,Шумилинский район,4831.6,8,Сентябрь
Могилевская,Кричевский,Кричевский район,4827.3,1,Февраль
Витебская область,Докшицкий,Докшицкий район,4826.3,9,Октябрь
Брестская,Барановичский,Барановичский район,4826.2,1,Февраль
Брестская,Пинский,Пинский район,4826.1,4,Май
Гродненская область,Ивьевский,Ивьевский район,4825.4,9,Октябрь
Брестская,Барановичский,Барановичский район,4822.8,0,Январь
Гродненская область,Зельвенский,Зельвенский район,4822.2,11,Декабрь
Витебская,Миорский,Миорский район,4822,6,Июль
Гомельская,Октябрьский,Октябрьский район,4818.6,8,Сентябрь
Гомельская область,Октябрьский,Октябрьский район,4817.8,11,Декабрь
Могилевская область,Кировский,Кировский район,4817.4,9,Октябрь
Гродненская,Ивьевский,Ивьевский район,4815.6,5,Июнь
Могилевская,Горецкий,Горецкий район,4815.4,0,Январь
Витебская,Городокский,Городокский район,4814.4,5,Июнь
Гомельская,Лоевский,Лоевский район,4813.9,7,Август
Гродненская область,Вороновский,Вороновский район,4813.7,11,Декабрь
Гродненская,Ивьевский,Ивьевский район,4813,8,Сентябрь
Витебская,Докшицкий,Докшицкий район,4812.4,3,Апрель
Гродненская,Мостовский,Мостовский район,4812.1,4,Май
Гомельская область,Хойникский,Хойникский район,4811,11,Декабрь
Витебская область,Докшицкий,Докшицкий район,4799.8,11,Декабрь
Гродненская,Вороновский,Вороновский район,4799.6,3,Апрель
Гомельская область,Добрушский,Добрушский район,4798.9,10,Ноябрь
Минская,Крупский,Крупский район,4798.8,0,Январь
Витебская,Городокский,Городокский район,4797.5,7,Август
Могилевская,Краснопольский,Краснопольский район,4795.8,3,Апрель
Брестская,Пинский,Пинский район,4795.2,2,Март
Минская,Мядельский,Мядельский район,4795.1,0,Январь
Могилевская,Хотимский,Хотимский район,4794.9,4,Май
Могилевская,Чаусский,Чаусский район,4794,3,Апрель
Витебская область,Поставский,Поставский район,4793.9,10,Ноябрь
Брестская,Лунинецкий,Лунинецкий район,4791.7,0,Январь
Витебская,Бешенковичский,Бешенковичский район,4787.4,8,Сентябрь
Минская,Мядельский,Мядельский район,4787.3,1,Февраль
Гомельская,Брагинский,Брагинский район,4784.4,4,Май
Витебская,Миорский,Миорский район,4782.9,5,Июнь
Гомельская,Петриковский,Петриковский район,4781.2,8,Сентябрь
Могилевская область,Чаусский,Чаусский район,4781.2,9,Октябрь
Витебская,Поставский,Поставский район,4779.9,3,Апрель
Гродненская,Новогрудский,Новогрудский район,4779.8,0,Январь
Гродненская область,Мостовский,Мостовский район,4778,11,Декабрь
Брестская область,Столинский,Столинский район,4777.8,9,Октябрь
Гродненская,Кореличский,Кореличский район,4771.9,3,Апрель
Могилевская,Славгородский,Славгородский район,4769.8,3,Апрель
Брестская,Малоритский,Малоритский район,4769.5,2,Март
Витебская,Бешенковичский,Бешенковичский район,4768.7,4,Май
Могилевская,Кировский,Кировский район,4766.4,2,Март
Витебская,Сенненский,Сенненский район,4765.8,3,Апрель
Брестская,Дрогичинский,Дрогичинский район,4764.8,4,Май
Могилевская,Кличевский,Кличевский район,4764.7,0,Январь
Витебская область,Городокский,Городокский район,4764.7,11,Декабрь
Витебская,Шарковщинский,Шарковщинский район,4761.1,7,Август
Витебская,Глубокский,Глубокский район,4759.5,1,Февраль
Гомельская,Октябрьский,Октябрьский район,4758.4,3,Апрель
Гомельская область,Кормянский,Кормянский район,4757.9,11,Декабрь
Витебская,Верхнедвинский,Верхнедвинский район,4756.5,0,Январь
Гродненская,Щучинский,Щучинский район,4755.8,1,Февраль
Гродненская,Щучинский,Щучинский район,4753.6,0,Январь
Гомельская область,Октябрьский,Октябрьский район,4751.4,10,Ноябрь
Могилевская,Бобруйский,Бобруйский район,4750.8,8,Сентябрь
Гомельская,Лоевский,Лоевский район,4750.2,4,Май
Брестская,Малоритский,Малоритский район,4747.5,3,Апрель
Витебская,Дубровенский,Дубровенский район,4747.3,1,Февраль
Гомельская,Наровлянский,Наровлянский район,4744.4,2,Март
Витебская,Браславский,Браславский район,4744.2,7,Август
Минская,Вилейский,Вилейский район,4741.7,0,Январь
Гомельская область,Кормянский,Кормянский район,4740.6,9,Октябрь
Минская,Червенский,Червенский район,4740.5,0,Январь
Гродненская,Ивьевский,Ивьевский район,4740.4,4,Май
Могилевская область,Кировский,Кировский район,4740.4,10,Ноябрь
Гомельская,Петриковский,Петриковский район,4738.7,4,Май
Могилевская,Глусский,Глусский район,4732.5,3,Апрель
Гомельская область,Петриковский,Петриковский район,4731.4,9,Октябрь
Гродненская,Ошмянский,Ошмянский район,4731.2,0,Январь
Гомельская,Хойникский,Хойникский район,4731.1,3,Апрель
Могилевская область,Чаусский,Чаусский район,4730,10,Ноябрь
Витебская,Городокский,Городокский район,4729,8,Сентябрь
Минская,Любанский,Любанский район,4728.7,2,Март
Минская,Вилейский,Вилейский район,4728.4,1,Февраль
Могилевская,Бобруйский,Бобруйский район,4728.3,3,Апрель
Могилевская,Краснопольский,Краснопольский район,4728.2,2,Март
Гродненская область,Мостовский,Мостовский район,4724.9,9,Октябрь
Витебская область,Лиозненский,Лиозненский район,4722,11,Декабрь
Гродненская область,Зельвенский,Зельвенский район,4718.6,10,Ноябрь
Брестская область,Дрогичинский,Дрогичинский район,4718.3,10,Ноябрь
Гродненская область,Свислочский,Свислочский район,4716.1,9,Октябрь
Витебская,Ушачский,Ушачский район,4713.7,7,Август
Брестская,Лунинецкий,Лунинецкий район,4713.3,1,Февраль
Могилевская область,Глусский,Глусский район,4713.1,9,Октябрь
Гродненская,Свислочский,Свислочский район,4712,3,Апрель
Минская,Червенский,Червенский район,4711.9,1,Февраль
Могилевская область,Славгородский,Славгородский район,4710.5,10,Ноябрь
Могилевская область,Глусский,Глусский район,4709.9,11,Декабрь
Гомельская область,Лельчицкий,Лельчицкий район,4709.8,10,Ноябрь
Брестская область,Столинский,Столинский район,4708.9,10,Ноябрь
Минская,Стародорожский,Стародорожский район,4708.7,1,Февраль
Могилевская,Глусский,Глусский район,4707.8,2,Март
Гомельская,Чечерский,Чечерский район,4706.7,1,Февраль
Могилевская область,Краснопольский,Краснопольский район,4705.9,9,Октябрь
Витебская,Лепельский,Лепельский район,4704.1,0,Январь
Могилевская,Хотимский,Хотимский район,4701.7,8,Сентябрь
Витебская,Россонский,Россонский район,4701.5,2,Март
Витебская,Лиозненский,Лиозненский район,4699.6,3,Апрель
Минская,Березинский,Березинский район,4697.5,1,Февраль
Витебская область,Лиозненский,Лиозненский район,4695,9,Октябрь
Гродненская область,Вороновский,Вороновский район,4693.2,10,Ноябрь
Гомельская,Брагинский,Брагинский район,4690,2,Март
Могилевская область,Хотимский,Хотимский район,4689.1,11,Декабрь
Витебская,Докшицкий,Докшицкий район,4688.9,2,Март
Гродненская,Новогрудский,Новогрудский район,4686.5,1,Февраль
Гродненская область,Ивьевский,Ивьевский район,4684,11,Декабрь
Гродненская,Ивьевский,Ивьевский район,4681.8,3,Апрель
Брестская,Ганцевичский,Ганцевичский район,4677.9,3,Апрель
Гродненская,Ошмянский,Ошмянский район,4677.9,1,Февраль
Брестская,Пинский,Пинский район,4676.3,3,Апрель
Брестская,Дрогичинский,Дрогичинский район,4674.9,2,Март
Гомельская,Лоевский,Лоевский район,4671.6,8,Сентябрь
Гомельская область,Брагинский,Брагинский район,4671.6,10,Ноябрь
Могилевская,Чериковский,Чериковский район,4669.8,0,Январь
Гомельская область,Петриковский,Петриковский район,4666.7,11,Декабрь
Брестская,Ляховичский,Ляховичский район,4665.9,1,Февраль
Гомельская,Рогачевский,Рогачевский район,4663.5,1,Февраль
Витебская,Дубровенский,Дубровенский район,4661.2,0,Январь
Могилевская,Кличевский,Кличевский район,4659.3,1,Февраль
Витебская,Толочинский,Толочинский район,4659.1,2,Март
Могилевская область,Глусский,Глусский район,4658,10,Ноябрь
Гомельская,Октябрьский,Октябрьский район,4657.1,2,Март
Витебская,Шумилинский,Шумилинский район,4655.6,4,Май
Витебская,Городокский,Городокский район,4653.4,4,Май
Гродненская,Мостовский,Мостовский район,4652.8,3,Апрель
Могилевская,Мстиславский,Мстиславский район,4651.6,5,Июнь
Гомельская,Лельчицкий,Лельчицкий район,4650.7,1,Февраль
Гродненская,Дятловский,Дятловский район,4650,2,Март
Гомельская,Кормянский,Кормянский район,4648.6,2,Март
Могилевская,Дрибинский,Дрибинский район,4645.6,0,Январь
Гомельская,Наровлянский,Наровлянский район,4645.4,1,Февраль
Витебская область,Городокский,Городокский район,4644.6,9,Октябрь
Витебская,Браславский,Браславский район,4643.9,6,Июль
Могилевская область,Краснопольский,Краснопольский район,4641.2,10,Ноябрь
Витебская область,Бешенковичский,Бешенковичский район,4640.8,9,Октябрь
Гродненская,Зельвенский,Зельвенский район,4638.8,3,Апрель
Витебская,Поставский,Поставский район,4637.9,2,Март
Витебская область,Докшицкий,Докшицкий район,4636.7,10,Ноябрь
Гомельская,Лоевский,Лоевский район,4636.3,5,Июнь
Гродненская область,Мостовский,Мостовский район,4636.1,10,Ноябрь
Могилевская,Быховский,Быховский район,4635.4,0,Январь
Брестская,Ивановский,Ивановский район,4635.1,0,Январь
Гомельская,Хойникский,Хойникский район,4634.3,2,Март
Гродненская,Свислочский,Свислочский район,4631.7,2,Март
Брестская,Ганцевичский,Ганцевичский район,4630,2,Март
Гомельская,Лоевский,Лоевский район,4625.7,3,Апрель
Витебская область,Россонский,Россонский район,4622.3,10,Ноябрь
Витебская,Браславский,Браславский район,4621.4,5,Июнь
Гомельская,Буда-Кошелевский,Буда-Кошелевский район,4619.5,0,Январь
Гродненская область,Дятловский,Дятловский район,4616.8,10,Ноябрь
Витебская,Ушачский,Ушачский район,4616.1,6,Июль
Минская,Стародорожский,Стародорожский район,4609.9,0,Январь
Минская,Березинский,Березинский район,4605,0,Январь
Могилевская область,Мстиславский,Мстиславский район,4604.1,11,Декабрь
Гомельская область,Брагинский,Брагинский район,4604,11,Декабрь
Могилевская,Бобруйский,Бобруйский район,4603.1,2,Март
Гомельская,Лоевский,Лоевский район,4602.6,2,Март
Брестская,Столинский,Столинский район,4601.4,4,Май
Минская,Клецкий,Клецкий район,4597.6,1,Февраль
Гродненская,Мостовский,Мостовский район,4596.8,2,Март
Гомельская,Чечерский,Чечерский район,4594.4,0,Январь
Гомельская,Лельчицкий,Лельчицкий район,4594.2,0,Январь
Гомельская,Буда-Кошелевский,Буда-Кошелевский район,4594,1,Февраль
Витебская,Верхнедвинский,Верхнедвинский район,4592.6,1,Февраль
Могилевская область,Бобруйский,Бобруйский район,4589.7,10,Ноябрь
Гродненская,Вороновский,Вороновский район,4588.6,2,Март
Гомельская,Петриковский,Петриковский район,4584.3,3,Апрель
Витебская,Миорский,Миорский район,4583,8,Сентябрь
Могилевская,Хотимский,Хотимский район,4582.8,3,Апрель
Минская,Клецкий,Клецкий район,4582.4,0,Январь
Гродненская,Зельвенский,Зельвенский район,4582.2,2,Март
Витебская,Сенненский,Сенненский район,4580.1,8,Сентябрь
Брестская,Ивановский,Ивановский район,4579.9,1,Февраль
Гомельская область,Петриковский,Петриковский район,4577.7,10,Ноябрь
Гомельская,Петриковский,Петриковский район,4576.2,2,Март
Могилевская,Чаусский,Чаусский район,4574.9,2,Март
Витебская область,Бешенковичский,Бешенковичский район,4574.6,11,Декабрь
Гродненская,Слонимский,Слонимский район,4571.6,0,Январь
Витебская,Миорский,Миорский район,4569.7,4,Май
Минская,Воложинский,Воложинский район,4565.6,1,Февраль
Могилевская,Климовичский,Климовичский район,4565,0,Январь
Могилевская,Краснопольский,Краснопольский район,4564.7,0,Январь
Могилевская область,Мстиславский,Мстиславский район,4562.9,9,Октябрь
Витебская,Городокский,Городокский район,4562.2,3,Апрель
Витебская область,Сенненский,Сенненский район,4561.2,11,Декабрь
Гомельская,Ветковский,Ветковский район,4558,1,Февраль
Гомельская область,Хойникский,Хойникский район,4557.8,10,Ноябрь
Брестская,Дрогичинский,Дрогичинский район,4557.3,3,Апрель
Могилевская область,Хотимский,Хотимский район,4556.7,10,Ноябрь
Витебская,Браславский,Браславский район,4556.2,4,Май
Витебская,Ушачский,Ушачский район,4555.5,5,Июнь
Витебская область,Браславский,Браславский район,4552.5,11,Декабрь
Могилевская,Быховский,Быховский район,4546.9,1,Февраль
Могилевская область,Бобруйский,Бобруйский район,4544.2,9,Октябрь
Могилевская,Хотимский,Хотимский район,4543.5,2,Март
Витебская область,Шумилинский,Шумилинский район,4535.8,9,Октябрь
Гомельская область,Ельский,Ельский район,4535.8,10,Ноябрь
Гродненская,Дятловский,Дятловский район,4532.4,3,Апрель
Могилевская,Климовичский,Климовичский район,4529.9,1,Февраль
Гомельская,Добрушский,Добрушский район,4528.3,1,Февраль
Гомельская область,Кормянский,Кормянский район,4527.6,10,Ноябрь
Витебская область,Шумилинский,Шумилинский район,4524.7,11,Декабрь
Гомельская,Житковичский,Житковичский район,4522.4,0,Январь
Минская,Воложинский,Воложинский район,4522,0,Январь
Могилевская,Мстиславский,Мстиславский район,4521.4,8,Сентябрь
Могилевская,Чериковский,Чериковский район,4520.8,1,Февраль
Могилевская,Дрибинский,Дрибинский район,4519.5,1,Февраль
Витебская область,Городокский,Городокский район,4519,10,Ноябрь
Гомельская,Житковичский,Житковичский район,4518.9,1,Февраль
Могилевская,Мстиславский,Мстиславский район,4516.2,4,Май
Гродненская,Ивьевский,Ивьевский район,4510.8,2,Март
Гродненская область,Свислочский,Свислочский район,4510.3,10,Ноябрь
Витебская область,Лиозненский,Лиозненский район,4509.6,10,Ноябрь
Витебская,Миорский,Миорский район,4508.5,3,Апрель
Витебская,Толочинский,Толочинский район,4508,0,Январь
Минская,Копыльский,Копыльский район,4506.6,1,Февраль
Гомельская,Ельский,Ельский район,4501.7,1,Февраль
Гомельская,Ветковский,Ветковский район,4499.1,0,Январь
Витебская,Россонский,Россонский район,4498,1,Февраль
Брестская,Ляховичский,Ляховичский район,4497.4,0,Январь
Витебская,Шарковщинский,Шарковщинский район,4494.7,5,Июнь
Гродненская,Мостовский,Мостовский район,4494.2,0,Январь
Гомельская область,Лоевский,Лоевский район,4491.9,9,Октябрь
Витебская,Поставский,Поставский район,4487.6,0,Январь
Гомельская область,Лоевский,Лоевский район,4480.2,11,Декабрь
Могилевская,Славгородский,Славгородский район,4478.4,2,Март
Витебская область,Сенненский,Сенненский район,4478.1,9,Октябрь
Витебская,Шарковщинский,Шарковщинский район,4477,6,Июль
Брестская,Малоритский,Малоритский район,4473,0,Январь
Витебская,Россонский,Россонский район,4472.5,0,Январь
Витебская,Толочинский,Толочинский район,4472.1,1,Февраль
Витебская,Городокский,Городокский район,4471.8,2,Март
Гомельская,Добрушский,Добрушский район,4471.7,0,Январь
Витебская,Ушачский,Ушачский район,4470.3,8,Сентябрь
Могилевская,Кировский,Кировский район,4465.6,0,Январь
Витебская,Докшицкий,Докшицкий район,4457.6,1,Февраль
Гомельская,Ельский,Ельский район,4450.2,0,Январь
Витебская,Ушачский,Ушачский район,4450.1,4,Май
Витебская,Шумилинский,Шумилинский район,4441.4,3,Апрель
Брестская,Пинский,Пинский район,4440.7,1,Февраль
Витебская,Докшицкий,Докшицкий район,4439.5,0,Январь
Минская,Копыльский,Копыльский район,4434,0,Январь
Брестская,Малоритский,Малоритский район,4430.6,1,Февраль
Брестская,Пинский,Пинский район,4429.5,0,Январь
Брестская,Дрогичинский,Дрогичинский район,4424.8,1,Февраль
Витебская область,Бешенковичский,Бешенковичский район район,4424.8,10,Ноябрь
Брестская,Столинский,Столинский район,4421.9,3,Апрель
Витебская,Браславский,Браславский район,4418.5,8,Сентябрь
Витебская область,Браславский,Браславский район,4417,9,Октябрь
Могилевская,Мстиславский,Мстиславский район,4414.3,3,Апрель
Витебская,Сенненский,Сенненский район,4410.5,2,Март
Витебская,Лиозненский,Лиозненский район,4408.1,2,Март
Гомельская,Брагинский,Брагинский район,4406.5,0,Январь
Могилевская,Краснопольский,Краснопольский район,4406.1,1,Февраль
Гродненская,Дятловский,Дятловский район,4406,0,Январь
Могилевская область,Мстиславский,Мстиславский район,4403.8,10,Ноябрь
Витебская,Поставский,Поставский район,4403.6,1,Февраль
Гродненская,Кореличский,Кореличский район,4402.6,0,Январь
Гродненская,Дятловский,Дятловский район,4402.4,1,Февраль
Гомельская,Наровлянский,Наровлянский район,4395.2,0,Январь
Витебская область,Миорский,Миорский район,4394.5,9,Октябрь
Гомельская,Октябрьский,Октябрьский район,4390.5,0,Январь
Брестская,Столинский,Столинский район,4390.2,2,Март
Витебская область,Ушачский,Ушачский район,4388.8,11,Декабрь
Брестская,Дрогичинский,Дрогичинский район,4384.2,0,Январь
Витебская,Бешенковичский,Бешенковичский район,4382.9,3,Апрель
Могилевская,Глусский,Глусский район,4381.3,0,Январь
Могилевская область,Хотимский,Хотимский район,4380.1,9,Октябрь
Гродненская область,Ивьевский,Ивьевский район,4368.7,10,Ноябрь
Минская,Любанский,Любанский район,4368,0,Январь
Витебская,Бешенковичский,Бешенковичский район,4366.9,2,Март
Гродненская,Мостовский,Мостовский район,4356.3,1,Февраль
Гродненская,Вороновский,Вороновский район,4354.2,1,Февраль
Могилевская,Кировский,Кировский район,4353.6,1,Февраль
Минская,Любанский,Любанский район,4349.9,1,Февраль
Витебская,Шарковщинский,Шарковщинский район,4349.6,8,Сентябрь
Витебская,Браславский,Браславский район,4348.7,3,Апрель
Витебская,Шумилинский,Шумилинский район,4347.3,2,Март
Могилевская,Чаусский,Чаусский район,4346.2,0,Январь
Витебская область,Шумилинский,Шумилинский район,4334.3,10,Ноябрь
Могилевская,Мстиславский,Мстиславский район,4324.6,2,Март
Витебская,Шарковщинский,Шарковщинский район,4323.6,4,Май
Могилевская,Глусский,Глусский район,4320,1,Февраль
Могилевская,Чаусский,Чаусский район,4319,1,Февраль
Витебская область,Сенненский,Сенненский район,4318.8,10,Ноябрь
Могилевская,Бобруйский,Бобруйский район,4317.2,1,Февраль
Гродненская,Кореличский,Кореличский район,4309.2,1,Февраль
Могилевская,Хотимский,Хотимский район,4307,1,Февраль
Брестская,Ганцевичский,Ганцевичский район,4306.7,1,Февраль
Витебская область,Браславский,Браславский район,4306.5,10,Ноябрь
Витебская область,Миорский,Миорский район,4306.3,11,Декабрь
Могилевская,Бобруйский,Бобруйский район,4305.2,0,Январь
Гомельская,Кормянский,Кормянский район,4302.8,0,Январь
Гродненская,Вороновский,Вороновский район,4297.6,0,Январь
Гродненская,Зельвенский,Зельвенский район,4297.2,1,Февраль
Гомельская,Брагинский,Брагинский район,4292.2,1,Февраль
Витебская область,Шарковщинский,Шарковщинский район,4289.8,9,Октябрь
Могилевская,Славгородский,Славгородский район,4284.5,0,Январь
Гомельская,Октябрьский,Октябрьский район,4281.8,1,Февраль
Витебская,Сенненский,Сенненский район,4276.3,0,Январь
Гродненская,Зельвенский,Зельвенский район,4273.4,0,Январь
Гомельская область,Лоевский,Лоевский район,4270,10,Ноябрь
Витебская,Городокский,Городокский район,4268.2,1,Февраль
Гродненская,Свислочский,Свислочский район,4267.8,0,Январь
Витебская,Ушачский,Ушачский район,4263.8,3,Апрель
Витебская,Городокский,Городокский район,4256.3,0,Январь
Гомельская,Хойникский,Хойникский район,4246.4,1,Февраль
Гомельская,Хойникский,Хойникский район,4245.9,0,Январь
Могилевская,Хотимский,Хотимский район,4243.8,0,Январь
Гродненская,Свислочский,Свислочский район,4241.6,1,Февраль
Брестская,Ганцевичский,Ганцевичский район,4229.4,0,Январь
Витебская область,Миорский,Миорский район,4228.5,10,Ноябрь
Витебская область,Ушачский,Ушачский район,4226.9,9,Октябрь
Витебская,Лиозненский,Лиозненский район,4223,0,Январь
Витебская,Шумилинский,Шумилинский район,4216.9,0,Январь
Витебская область,Шарковщинский,Шарковщинский район,4216.5,11,Декабрь
Гомельская,Петриковский,Петриковский район,4213.8,0,Январь
Витебская,Сенненский,Сенненский район,4189.4,1,Февраль
Гродненская,Ивьевский,Ивьевский район,4188.3,0,Январь
Брестская,Столинский,Столинский район,4183.8,1,Февраль
Могилевская,Славгородский,Славгородский район,4181.4,1,Февраль
Витебская,Миорский,Миорский район,4176.1,2,Март
Гродненская,Ивьевский,Ивьевский район,4168.4,1,Февраль
Витебская,Шарковщинский,Шарковщинский район,4152.9,3,Апрель
Витебская,Ушачский,Ушачский район,4151.1,2,Март
Витебская,Бешенковичский,Бешенковичский район,4150.8,0,Январь
Витебская,Браславский,Браславский район,4145.3,2,Март
Гомельская,Кормянский,Кормянский район,4142.3,1,Февраль
Гомельская,Петриковский,Петриковский район,4139.8,1,Февраль
Витебская область,Ушачский,Ушачский район,4136.8,10,Ноябрь
Брестская,Столинский,Столинский район,4134.6,0,Январь
Витебская,Лиозненский,Лиозненский район,4115.5,1,Февраль
Витебская,Шумилинский,Шумилинский район,4115.1,1,Февраль
Витебская,Бешенковичский,Бешенковичский район,4101.3,1,Февраль
Могилевская,Мстиславский,Мстиславский район,4091.4,1,Февраль
Гомельская,Лоевский,Лоевский район,4071,1,Февраль
Витебская,Ушачский,Ушачский район,4070.8,0,Январь
Могилевская,Мстиславский,Мстиславский район,4067.5,0,Январь
Витебская,Миорский,Миорский район,4059.9,1,Февраль
Гомельская,Лоевский,Лоевский район,4052.4,0,Январь
Витебская область,Шарковщинский,Шарковщинский район,4050.5,10,Ноябрь
Витебская,Миорский,Миорский район,4006.8,0,Январь
Витебская,Шарковщинский,Шарковщинский район,3980.3,2,Март
Витебская,Ушачский,Ушачский район,3930.7,1,Февраль
Витебская,Браславский,Браславский район,3923.5,1,Февраль
Витебская,Браславский,Браславский район,3899.4,0,Январь
Витебская,Шарковщинский,Шарковщинский район,3813.4,0,Январь
Витебская,Шарковщинский,Шарковщинский район,3796.8,1,Февраль
