group,subgroup,amount,period,month
Всего,Всего,6536111,3,Апрель
"Сельское хозяйство, охота и лесное хозяйство",Всего,4902706,3,Апрель
"Сельское хозяйство, охота и лесное хозяйство","сельское хозяйство, охота и предоставление услуг в этих областях",4860123,3,Апрель
"Сельское хозяйство, охота и лесное хозяйство",животноводство,4775168,3,Апрель
"Сельское хозяйство, охота и лесное хозяйство",лесное хозяйство и предоставление услуг в этой области,5262071,3,Апрель
"Рыболовство, рыбоводство","Рыболовство, рыбоводство",4208679,3,Апрель
Промышленность,Всего,6839756,3,Апрель
Промышленность,горнодобывающая промышленность,7951377,3,Апрель
Промышленность,добыча топливно-энергетических полезных ископаемых,9092600,3,Апрель
Промышленность,"добыча угля, лигнита и торфа",4798896,3,Апрель
Промышленность,"добыча полезных ископаемых, кроме топливно-энергетических",6656060,3,Апрель
Промышленность,обрабатывающая промышленность,6674894,3,Апрель
Промышленность,"производство пищевых продуктов, включая напитки, и табака",6764110,3,Апрель
Промышленность,текстильное и швейное производство,4535136,3,Апрель
Промышленность,"производство кожи, изделий из кожи и производство обуви",4934354,3,Апрель
Промышленность,обработка древесины и производство изделий из дерева,5218249,3,Апрель
Промышленность,целлюлозно-бумажное производство. Издательская деятельность,6662043,3,Апрель
Промышленность,"производство целлюлозы, древесной массы, бумаги, картона и изделий из них",5592100,3,Апрель
Промышленность,издательская деятельность,8834988,3,Апрель
Промышленность,полиграфическая деятельность и предоставление услуг в этой области,7192919,3,Апрель
Промышленность,"производство кокса, нефтепродуктов и ядерных материалов",12420672,3,Апрель
Промышленность,химическое производство,11262789,3,Апрель
Промышленность,производство резиновых и пластмассовых изделий,6862147,3,Апрель
Промышленность,производство прочих неметаллических минеральных продуктов,6326123,3,Апрель
Промышленность,производство сборных железобетонных и бетонных конструкций и изделий,6382560,3,Апрель
Промышленность,металлургическое производство и производство готовых металлических изделий,7026013,3,Апрель
Промышленность,производство машин и оборудования,6160388,3,Апрель
Промышленность,"производство электрооборудования, электронного и оптического оборудования",6145358,3,Апрель
Промышленность,производство офисного оборудования и вычислительной техники,9884151,3,Апрель
Промышленность,производство электрических машин и электрооборудования,5645765,3,Апрель
Промышленность,"производство аппаратуры для радио, телевидения и связи",6264452,3,Апрель
Промышленность,"производство изделий медицинской техники, средств измерений, оптических приборов и аппаратуры, часов",7064534,3,Апрель
Промышленность,производство транспортных средств и оборудования,6577522,3,Апрель
Промышленность,"производство автомобилей, прицепов и полуприцепов",6294225,3,Апрель
Промышленность,производство прочих транспортных средств,7865191,3,Апрель
Промышленность,прочие отрасли промышленности,5669638,3,Апрель
Промышленность,"производство мебели и прочей продукции, не включенной в другие группировки",5393947,3,Апрель
Промышленность,обработка вторичного сырья,7990935,3,Апрель
Промышленность,"производство и распределение электроэнергии, газа и воды",7696734,3,Апрель
Промышленность,"производство тепловой энергии тепловыми электростанциями, самостоятельными котельными, прочими источниками",6341494,3,Апрель
Промышленность,теплоснабжение,5220128,3,Апрель
Промышленность,"сбор, очистка и распределение воды",5781650,3,Апрель
Строительство,Строительство,7523422,3,Апрель
"Торговля; ремонт автомобилей, бытовых изделий и предметов личного пользования","Торговля; ремонт автомобилей, бытовых изделий и предметов личного пользования",6349668,3,Апрель
"Торговля; ремонт автомобилей, бытовых изделий и предметов личного пользования","торговля автомобилями и мотоциклами, их техническое обслуживание и ремонт",8202758,3,Апрель
"Торговля; ремонт автомобилей, бытовых изделий и предметов личного пользования","оптовая торговля и торговля через агентов, кроме торговли автомобилями и мотоциклами",8616990,3,Апрель
"Торговля; ремонт автомобилей, бытовых изделий и предметов личного пользования","розничная торговля, кроме торговли автомобилями и мотоциклами; ремонт бытовых изделий и предметов личного пользования",5707078,3,Апрель
"Торговля; ремонт автомобилей, бытовых изделий и предметов личного пользования",ремонт бытовых изделий и предметов личного пользования,4052644,3,Апрель
Гостиницы и рестораны,Гостиницы и рестораны,4854280,3,Апрель
Транспорт и связь,Всего,7518260,3,Апрель
Транспорт и связь,деятельность сухопутного транспорта,7450734,3,Апрель
Транспорт и связь,деятельность железнодорожного транспорта,7556607,3,Апрель
Транспорт и связь,деятельность прочего сухопутного транспорта,6450106,3,Апрель
Транспорт и связь,деятельность водного транспорта,4603695,3,Апрель
Транспорт и связь,деятельность воздушного транспорта,13564782,3,Апрель
Транспорт и связь,"деятельность воздушного транспорта, не подчиняющегося расписанию",10410730,3,Апрель
Транспорт и связь,вспомогательная и дополнительная транспортная деятельность,6563470,3,Апрель
Транспорт и связь,прочая вспомогательная деятельность воздушного транспорта,10201480,3,Апрель
Транспорт и связь,связь,8328972,3,Апрель
Финансовая деятельность,Всего,11721110,3,Апрель
Финансовая деятельность,финансовое посредничество,11546881,3,Апрель
Финансовая деятельность,страхование,12655570,3,Апрель
"Операции с недвижимым имуществом, аренда и предоставление услуг потребителям",Всего,9488950,3,Апрель
"Операции с недвижимым имуществом, аренда и предоставление услуг потребителям",операции с недвижимым имуществом,5257279,3,Апрель
"Операции с недвижимым имуществом, аренда и предоставление услуг потребителям",аренда машин и оборудования без оператора и прокат бытовых изделий и предметов личного пользования,5816425,3,Апрель
"Операции с недвижимым имуществом, аренда и предоставление услуг потребителям","деятельность, связанная с вычислительной техникой",23440265,3,Апрель
"Операции с недвижимым имуществом, аренда и предоставление услуг потребителям",научные исследования и разработки,8142332,3,Апрель
"Операции с недвижимым имуществом, аренда и предоставление услуг потребителям",научные исследования и разработки в области естественных и технических наук,8268331,3,Апрель
"Операции с недвижимым имуществом, аренда и предоставление услуг потребителям",деятельность по управлению холдинговыми компаниями,10204559,3,Апрель
"Операции с недвижимым имуществом, аренда и предоставление услуг потребителям","деятельностьв области архитектуры, инженерные услуги",9567665,3,Апрель
"Операции с недвижимым имуществом, аренда и предоставление услуг потребителям",топографо-геодезическая деятельность,8572083,3,Апрель
Образование,Образование,4828248,3,Апрель
Здравоохранение и предоставление социальных услуг,Всего,5306225,3,Апрель
Здравоохранение и предоставление социальных услуг,деятельность в области здравоохранения,5507753,3,Апрель
Здравоохранение и предоставление социальных услуг,предоставление социальных услуг,3931307,3,Апрель
"Предоставление коммунальных, социальных и персональных услуг",Всего,5167584,3,Апрель
"Предоставление коммунальных, социальных и персональных услуг","деятельность по организации отдыха и развлечений, культуры и спорта",5157655,3,Апрель
"Предоставление коммунальных, социальных и персональных услуг","деятельность, связанная с кино- и видеофильмами",5103377,3,Апрель
"Предоставление коммунальных, социальных и персональных услуг",деятельность в области радиовещания и телевидения,9124991,3,Апрель
Справочно: рабочие и служащие,Справочно: рабочие и служащие,6574941,3,Апрель
Всего,Всего,6129105,1,Февраль
"Сельское хозяйство, охота и лесное хозяйство",Всего,4344284,1,Февраль
"Сельское хозяйство, охота и лесное хозяйство","сельское хозяйство, охота и предоставление услуг в этих областях",4255729,1,Февраль
"Сельское хозяйство, охота и лесное хозяйство",животноводство,4375183,1,Февраль
"Сельское хозяйство, охота и лесное хозяйство",лесное хозяйство и предоставление услуг в этой области,5081233,1,Февраль
"Рыболовство, рыбоводство","Рыболовство, рыбоводство",4010874,1,Февраль
Промышленность,Всего,6386555,1,Февраль
Промышленность,горнодобывающая промышленность,7654558,1,Февраль
Промышленность,добыча топливно-энергетических полезных ископаемых,8848913,1,Февраль
Промышленность,"добыча угля, лигнита и торфа",4696443,1,Февраль
Промышленность,"добыча полезных ископаемых, кроме топливно-энергетических",6311748,1,Февраль
Промышленность,обрабатывающая промышленность,6319286,1,Февраль
Промышленность,"производство пищевых продуктов, включая напитки, и табака",6283430,1,Февраль
Промышленность,текстильное и швейное производство,4325221,1,Февраль
Промышленность,"производство кожи, изделий из кожи и производство обуви",4907310,1,Февраль
Промышленность,обработка древесины и производство изделий из дерева,5201793,1,Февраль
Промышленность,целлюлозно-бумажное производство. Издательская деятельность,6218005,1,Февраль
Промышленность,"производство целлюлозы, древесной массы, бумаги, картона и изделий из них",5308640,1,Февраль
Промышленность,издательская деятельность,8277320,1,Февраль
Промышленность,полиграфическая деятельность и предоставление услуг в этой области,6440725,1,Февраль
Промышленность,"производство кокса, нефтепродуктов и ядерных материалов",11185136,1,Февраль
Промышленность,химическое производство,9877112,1,Февраль
Промышленность,производство резиновых и пластмассовых изделий,6325310,1,Февраль
Промышленность,производство прочих неметаллических минеральных продуктов,6015905,1,Февраль
Промышленность,производство сборных железобетонных и бетонных конструкций и изделий,6195359,1,Февраль
Промышленность,металлургическое производство и производство готовых металлических изделий,6494499,1,Февраль
Промышленность,производство машин и оборудования,6193434,1,Февраль
Промышленность,"производство электрооборудования, электронного и оптического оборудования",5862207,1,Февраль
Промышленность,производство офисного оборудования и вычислительной техники,7254137,1,Февраль
Промышленность,производство электрических машин и электрооборудования,5351077,1,Февраль
Промышленность,"производство аппаратуры для радио, телевидения и связи",6061784,1,Февраль
Промышленность,"производство изделий медицинской техники, средств измерений, оптических приборов и аппаратуры, часов",6757596,1,Февраль
Промышленность,производство транспортных средств и оборудования,6471213,1,Февраль
Промышленность,"производство автомобилей, прицепов и полуприцепов",6368896,1,Февраль
Промышленность,производство прочих транспортных средств,6968638,1,Февраль
Промышленность,прочие отрасли промышленности,5744403,1,Февраль
Промышленность,"производство мебели и прочей продукции, не включенной в другие группировки",5580471,1,Февраль
Промышленность,обработка вторичного сырья,7185625,1,Февраль
Промышленность,"производство и распределение электроэнергии, газа и воды",6625363,1,Февраль
Промышленность,"производство тепловой энергии тепловыми электростанциями, самостоятельными котельными, прочими источниками",5574390,1,Февраль
Промышленность,теплоснабжение,5006404,1,Февраль
Промышленность,"сбор, очистка и распределение воды",5685415,1,Февраль
Строительство,Строительство,7002448,1,Февраль
"Торговля; ремонт автомобилей, бытовых изделий и предметов личного пользования",Всего,5933042,1,Февраль
"Торговля; ремонт автомобилей, бытовых изделий и предметов личного пользования","торговля автомобилями и мотоциклами, их техническое обслуживание и ремонт",7648537,1,Февраль
"Торговля; ремонт автомобилей, бытовых изделий и предметов личного пользования","оптовая торговля и торговля через агентов, кроме торговли автомобилями и мотоциклами",7999885,1,Февраль
"Торговля; ремонт автомобилей, бытовых изделий и предметов личного пользования","розничная торговля, кроме торговли автомобилями и мотоциклами; ремонт бытовых изделий и предметов личного пользования",5354017,1,Февраль
"Торговля; ремонт автомобилей, бытовых изделий и предметов личного пользования",ремонт бытовых изделий и предметов личного пользования,3848437,1,Февраль
Гостиницы и рестораны,Гостиницы и рестораны,4522647,1,Февраль
Транспорт и связь,Транспорт и связь,6929901,1,Февраль
Транспорт и связь,деятельность сухопутного транспорта,7007998,1,Февраль
Транспорт и связь,деятельность железнодорожного транспорта,7647053,1,Февраль
Транспорт и связь,деятельность прочего сухопутного транспорта,5963678,1,Февраль
Транспорт и связь,деятельность водного транспорта,4183117,1,Февраль
Транспорт и связь,деятельность воздушного транспорта,12033535,1,Февраль
Транспорт и связь,"деятельность воздушного транспорта, не подчиняющегося расписанию",9311238,1,Февраль
Транспорт и связь,вспомогательная и дополнительная транспортная деятельность,5864252,1,Февраль
Транспорт и связь,прочая вспомогательная деятельность воздушного транспорта,8632128,1,Февраль
Транспорт и связь,связь,7444757,1,Февраль
Финансовая деятельность,Всего,10208830,1,Февраль
Финансовая деятельность,финансовое посредничество,10548464,1,Февраль
Финансовая деятельность,страхование,7877626,1,Февраль
"Операции с недвижимым имуществом, аренда и предоставление услуг потребителям",Всего,10154441,1,Февраль
"Операции с недвижимым имуществом, аренда и предоставление услуг потребителям",операции с недвижимым имуществом,4913601,1,Февраль
"Операции с недвижимым имуществом, аренда и предоставление услуг потребителям",аренда машин и оборудования без оператора и прокат бытовых изделий и предметов личного пользования,5442788,1,Февраль
"Операции с недвижимым имуществом, аренда и предоставление услуг потребителям","деятельность, связанная с вычислительной техникой",31379909,1,Февраль
"Операции с недвижимым имуществом, аренда и предоставление услуг потребителям",научные исследования и разработки,7537049,1,Февраль
"Операции с недвижимым имуществом, аренда и предоставление услуг потребителям",научные исследования и разработки в области естественных и технических наук,7662246,1,Февраль
"Операции с недвижимым имуществом, аренда и предоставление услуг потребителям","деятельностьв области архитектуры, инженерные услуги",9150595,1,Февраль
"Операции с недвижимым имуществом, аренда и предоставление услуг потребителям",топографо-геодезическая деятельность,7777910,1,Февраль
Образование,Образование,4610729,1,Февраль
Здравоохранение и предоставление социальных услуг,Всего,4977148,1,Февраль
Здравоохранение и предоставление социальных услуг,деятельность в области здравоохранения,5161297,1,Февраль
Здравоохранение и предоставление социальных услуг,предоставление социальных услуг,3756936,1,Февраль
"Предоставление коммунальных, социальных и персональных услуг",Всего,5039427,1,Февраль
"Предоставление коммунальных, социальных и персональных услуг","деятельность по организации отдыха и развлечений, культуры и спорта",5083143,1,Февраль
"Предоставление коммунальных, социальных и персональных услуг","деятельность, связанная с кино- и видеофильмами",4028271,1,Февраль
"Предоставление коммунальных, социальных и персональных услуг",деятельность в области радиовещания и телевидения,8815884,1,Февраль
Справочно: рабочие и служащие,Справочно: рабочие и служащие,6171326,1,Февраль
Всего,Всего,6483703,2,Март
"Сельское хозяйство, охота и лесное хозяйство",Всего,4758258,2,Март
"Сельское хозяйство, охота и лесное хозяйство","сельское хозяйство, охота и предоставление услуг в этих областях",4685789,2,Март
"Сельское хозяйство, охота и лесное хозяйство",животноводство,4708194,2,Март
"Сельское хозяйство, охота и лесное хозяйство",лесное хозяйство и предоставление услуг в этой области,5366860,2,Март
"Рыболовство, рыбоводство","Рыболовство, рыбоводство",4342623,2,Март
Промышленность,Всего,6770086,2,Март
Промышленность,горнодобывающая промышленность,7798822,2,Март
Промышленность,добыча топливно-энергетических полезных ископаемых,9142960,2,Март
Промышленность,"добыча угля, лигнита и торфа",4958200,2,Март
Промышленность,"добыча полезных ископаемых, кроме топливно-энергетических",6285558,2,Март
Промышленность,обрабатывающая промышленность,6701173,2,Март
Промышленность,"производство пищевых продуктов, включая напитки, и табака",6805509,2,Март
Промышленность,текстильное и швейное производство,4646892,2,Март
Промышленность,"производство кожи, изделий из кожи и производство обуви",5043991,2,Март
Промышленность,обработка древесины и производство изделий из дерева,5486350,2,Март
Промышленность,целлюлозно-бумажное производство. Издательская деятельность,6600566,2,Март
Промышленность,"производство целлюлозы, древесной массы, бумаги, картона и изделий из них",5737941,2,Март
Промышленность,издательская деятельность,8552033,2,Март
Промышленность,полиграфическая деятельность и предоставление услуг в этой области,6877121,2,Март
Промышленность,"производство кокса, нефтепродуктов и ядерных материалов",12228940,2,Март
Промышленность,химическое производство,10257224,2,Март
Промышленность,производство резиновых и пластмассовых изделий,6729328,2,Март
Промышленность,производство прочих неметаллических минеральных продуктов,6415360,2,Март
Промышленность,производство сборных железобетонных и бетонных конструкций и изделий,6457269,2,Март
Промышленность,металлургическое производство и производство готовых металлических изделий,7152132,2,Март
Промышленность,производство машин и оборудования,6403601,2,Март
Промышленность,"производство электрооборудования, электронного и оптического оборудования",6154258,2,Март
Промышленность,производство офисного оборудования и вычислительной техники,9849254,2,Март
Промышленность,производство электрических машин и электрооборудования,5612331,2,Март
Промышленность,"производство аппаратуры для радио, телевидения и связи",6290901,2,Март
Промышленность,"производство изделий медицинской техники, средств измерений, оптических приборов и аппаратуры, часов",7159992,2,Март
Промышленность,производство транспортных средств и оборудования,6795303,2,Март
Промышленность,"производство автомобилей, прицепов и полуприцепов",6544436,2,Март
Промышленность,производство прочих транспортных средств,7913680,2,Март
Промышленность,прочие отрасли промышленности,5906006,2,Март
Промышленность,"производство мебели и прочей продукции, не включенной в другие группировки",5677708,2,Март
Промышленность,обработка вторичного сырья,7864671,2,Март
Промышленность,"производство и распределение электроэнергии, газа и воды",7052031,2,Март
Промышленность,"производство тепловой энергии тепловыми электростанциями, самостоятельными котельными, прочими источниками",6085113,2,Март
Промышленность,теплоснабжение,5648056,2,Март
Промышленность,"сбор, очистка и распределение воды",6306259,2,Март
Строительство,Строительство,7380044,2,Март
"Торговля; ремонт автомобилей, бытовых изделий и предметов личного пользования",Всего,6390607,2,Март
"Торговля; ремонт автомобилей, бытовых изделий и предметов личного пользования","торговля автомобилями и мотоциклами, их техническое обслуживание и ремонт",8151302,2,Март
"Торговля; ремонт автомобилей, бытовых изделий и предметов личного пользования","оптовая торговля и торговля через агентов, кроме торговли автомобилями и мотоциклами",8429652,2,Март
"Торговля; ремонт автомобилей, бытовых изделий и предметов личного пользования","розничная торговля, кроме торговли автомобилями и мотоциклами; ремонт бытовых изделий и предметов личного пользования",5798332,2,Март
"Торговля; ремонт автомобилей, бытовых изделий и предметов личного пользования",ремонт бытовых изделий и предметов личного пользования,4324898,2,Март
Гостиницы и рестораны,Гостиницы и рестораны,4885822,2,Март
Транспорт и связь,Транспорт и связь,7212367,2,Март
Транспорт и связь,деятельность сухопутного транспорта,7131761,2,Март
Транспорт и связь,деятельность железнодорожного транспорта,7819293,2,Март
Транспорт и связь,деятельность прочего сухопутного транспорта,6388152,2,Март
Транспорт и связь,деятельность водного транспорта,4513765,2,Март
Транспорт и связь,деятельность воздушного транспорта,13156853,2,Март
Транспорт и связь,"деятельность воздушного транспорта, не подчиняющегося расписанию",10210408,2,Март
Транспорт и связь,вспомогательная и дополнительная транспортная деятельность,6481855,2,Март
Транспорт и связь,прочая вспомогательная деятельность воздушного транспорта,10713580,2,Март
Транспорт и связь,связь,7878775,2,Март
Финансовая деятельность,Финансовая деятельность,11970760,2,Март
Финансовая деятельность,финансовое посредничество,12470462,2,Март
Финансовая деятельность,страхование,8660373,2,Март
"Операции с недвижимым имуществом, аренда и предоставление услуг потребителям","Операции с недвижимым имуществом, аренда и предоставление услуг потребителям",9460695,2,Март
"Операции с недвижимым имуществом, аренда и предоставление услуг потребителям",операции с недвижимым имуществом,5338396,2,Март
"Операции с недвижимым имуществом, аренда и предоставление услуг потребителям",аренда машин и оборудования без оператора и прокат бытовых изделий и предметов личного пользования,4992647,2,Март
"Операции с недвижимым имуществом, аренда и предоставление услуг потребителям","деятельность, связанная с вычислительной техникой",23695272,2,Март
"Операции с недвижимым имуществом, аренда и предоставление услуг потребителям",научные исследования и разработки,7962491,2,Март
"Операции с недвижимым имуществом, аренда и предоставление услуг потребителям",научные исследования и разработки в области естественных и технических наук,8021854,2,Март
"Операции с недвижимым имуществом, аренда и предоставление услуг потребителям",деятельность по управлению холдинговыми компаниями,10194310,2,Март
"Операции с недвижимым имуществом, аренда и предоставление услуг потребителям","деятельность в области архитектуры, инженерные услуги",9340379,2,Март
"Операции с недвижимым имуществом, аренда и предоставление услуг потребителям",топографо-геодезическая деятельность,8287688,2,Март
Образование,Образование,4823850,2,Март
Здравоохранение и предоставление социальных услуг,Всего,5272107,2,Март
Здравоохранение и предоставление социальных услуг,деятельность в области здравоохранения,5475461,2,Март
Здравоохранение и предоставление социальных услуг,предоставление социальных услуг,3916363,2,Март
"Предоставление коммунальных, социальных и персональных услуг",Всего,5330338,2,Март
"Предоставление коммунальных, социальных и персональных услуг","деятельность по организации отдыха и развлечений, культуры и спорта",5223971,2,Март
"Предоставление коммунальных, социальных и персональных услуг","деятельность, связанная с кино- и видеофильмами",4666415,2,Март
"Предоставление коммунальных, социальных и персональных услуг",деятельность в области радиовещания и телевидения,9182878,2,Март
Справочно: рабочие и служащие,Справочно: рабочие и служащие,6525753,2,Март
Всего,Всего,6023213,0,Январь
"Сельское хозяйство, охота и лесное хозяйство",Всего,4462712,0,Январь
"Сельское хозяйство, охота и лесное хозяйство","сельское хозяйство, охота и предоставление услуг в этих областях",4389639,0,Январь
"Сельское хозяйство, охота и лесное хозяйство",животноводство,4499424,0,Январь
"Сельское хозяйство, охота и лесное хозяйство",лесное хозяйство и предоставление услуг в этой области,5070788,0,Январь
"Рыболовство, рыбоводство","Рыболовство, рыбоводство",4013498,0,Январь
Промышленность,Всего,6256070,0,Январь
Промышленность,горнодобывающая промышленность,7387336,0,Январь
Промышленность,добыча топливно-энергетических полезных ископаемых,8143409,0,Январь
Промышленность,"добыча угля, лигнита и торфа",4715387,0,Январь
Промышленность,"добыча полезных ископаемых, кроме топливно-энергетических",6509934,0,Январь
Промышленность,обрабатывающая промышленность,6205441,0,Январь
Промышленность,"производство пищевых продуктов, включая напитки, и табака",6257448,0,Январь
Промышленность,текстильное и швейное производство,4325203,0,Январь
Промышленность,"производство кожи, изделий из кожи и производство обуви",4748411,0,Январь
Промышленность,обработка древесины и производство изделий из дерева,5138692,0,Январь
Промышленность,целлюлозно-бумажное производство. Издательская деятельность,6225126,0,Январь
Промышленность,"производство целлюлозы, древесной массы, бумаги, картона и изделий из них",5181549,0,Январь
Промышленность,издательская деятельность,8831134,0,Январь
Промышленность,полиграфическая деятельность и предоставление услуг в этой области,6270935,0,Январь
Промышленность,"производство кокса, нефтепродуктов и ядерных материалов",11406423,0,Январь
Промышленность,химическое производство,9642259,0,Январь
Промышленность,производство резиновых и пластмассовых изделий,6225838,0,Январь
Промышленность,производство прочих неметаллических минеральных продуктов,6217368,0,Январь
Промышленность,производство сборных железобетонных и бетонных конструкций и изделий,6305027,0,Январь
Промышленность,металлургическое производство и производство готовых металлических изделий,6532210,0,Январь
Промышленность,производство машин и оборудования,5928263,0,Январь
Промышленность,"производство электрооборудования, электронного и оптического оборудования",5661336,0,Январь
Промышленность,производство офисного оборудования и вычислительной техники,7356438,0,Январь
Промышленность,производство электрических машин и электрооборудования,5122807,0,Январь
Промышленность,"производство аппаратуры для радио, телевидения и связи",5978137,0,Январь
Промышленность,"производство изделий медицинской техники, средств измерений, оптических приборов и аппаратуры, часов",6538405,0,Январь
Промышленность,производство транспортных средств и оборудования,5883324,0,Январь
Промышленность,"производство автомобилей, прицепов и полуприцепов",5637482,0,Январь
Промышленность,производство прочих транспортных средств,7101774,0,Январь
Промышленность,прочие отрасли промышленности,5640897,0,Январь
Промышленность,"производство мебели и прочей продукции, не включенной в другие группировки",5481945,0,Январь
Промышленность,обработка вторичного сырья,7040745,0,Январь
Промышленность,"производство и распределение электроэнергии, газа и воды",6415563,0,Январь
Промышленность,"производство тепловой энергии тепловыми электростанциями, самостоятельными котельными, прочими источниками",5508112,0,Январь
Промышленность,теплоснабжение,5004303,0,Январь
Промышленность,"сбор, очистка и распределение воды",5906056,0,Январь
Строительство,Строительство,7022605,0,Январь
"Торговля; ремонт автомобилей, бытовых изделий и предметов личного пользования",Всего,5912653,0,Январь
"Торговля; ремонт автомобилей, бытовых изделий и предметов личного пользования","торговля автомобилями и мотоциклами, их техническое обслуживание и ремонт",7377029,0,Январь
"Торговля; ремонт автомобилей, бытовых изделий и предметов личного пользования","оптовая торговля и торговля через агентов, кроме торговли автомобилями и мотоциклами",7681316,0,Январь
"Торговля; ремонт автомобилей, бытовых изделий и предметов личного пользования","розничная торговля, кроме торговли автомобилями и мотоциклами; ремонт бытовых изделий и предметов личного пользования",5416120,0,Январь
"Торговля; ремонт автомобилей, бытовых изделий и предметов личного пользования",ремонт бытовых изделий и предметов личного пользования,3795613,0,Январь
Гостиницы и рестораны,Гостиницы и рестораны,4605396,0,Январь
Транспорт и связь,Всего,6952307,0,Январь
Транспорт и связь,деятельность сухопутного транспорта,6968460,0,Январь
Транспорт и связь,деятельность железнодорожного транспорта,7531662,0,Январь
Транспорт и связь,деятельность прочего сухопутного транспорта,6276655,0,Январь
Транспорт и связь,деятельность водного транспорта,3975116,0,Январь
Транспорт и связь,деятельность воздушного транспорта,14012071,0,Январь
Транспорт и связь,"деятельность воздушного транспорта, не подчиняющегося расписанию",11273034,0,Январь
Транспорт и связь,вспомогательная и дополнительная транспортная деятельность,6043065,0,Январь
Транспорт и связь,прочая вспомогательная деятельность воздушного транспорта,9294113,0,Январь
Транспорт и связь,связь,7421894,0,Январь
Финансовая деятельность,Всего,10967174,0,Январь
Финансовая деятельность,финансовое посредничество,11512573,0,Январь
Финансовая деятельность,страхование,7389328,0,Январь
"Операции с недвижимым имуществом, аренда и предоставление услуг потребителям",Всего,8898829,0,Январь
"Операции с недвижимым имуществом, аренда и предоставление услуг потребителям",операции с недвижимым имуществом,5055459,0,Январь
"Операции с недвижимым имуществом, аренда и предоставление услуг потребителям",аренда машин и оборудования без оператора и прокат бытовых изделий и предметов личного пользования,5044015,0,Январь
"Операции с недвижимым имуществом, аренда и предоставление услуг потребителям","деятельность, связанная с вычислительной техникой",23086730,0,Январь
"Операции с недвижимым имуществом, аренда и предоставление услуг потребителям",научные исследования и разработки,7328347,0,Январь
"Операции с недвижимым имуществом, аренда и предоставление услуг потребителям",научные исследования и разработки в области естественных и технических наук,7439895,0,Январь
"Операции с недвижимым имуществом, аренда и предоставление услуг потребителям","деятельностьв области архитектуры, инженерные услуги",8838297,0,Январь
"Операции с недвижимым имуществом, аренда и предоставление услуг потребителям",топографо-геодезическая деятельность,7625685,0,Январь
Образование,Образование,4439260,0,Январь
Здравоохранение и предоставление социальных услуг,Всего,4828675,0,Январь
Здравоохранение и предоставление социальных услуг,деятельность в области здравоохранения,4997097,0,Январь
Здравоохранение и предоставление социальных услуг,предоставление социальных услуг,3715417,0,Январь
"Предоставление коммунальных, социальных и персональных услуг",Всего,4978906,0,Январь
"Предоставление коммунальных, социальных и персональных услуг","деятельность по организации отдыха и развлечений, культуры и спорта",4950569,0,Январь
"Предоставление коммунальных, социальных и персональных услуг","деятельность, связанная с кино- и видеофильмами",4467808,0,Январь
"Предоставление коммунальных, социальных и персональных услуг",деятельность в области радиовещания и телевидения,9445679,0,Январь
Справочно: рабочие и служащие,Справочно: рабочие и служащие,6060950,0,Январь
Всего,Всего,6687564,4,Май
"Сельское хозяйство, охота и лесное хозяйство",Всего,5028400,4,Май
"Сельское хозяйство, охота и лесное хозяйство","сельское хозяйство, охота и предоставление услуг в этих областях",4996224,4,Май
"Сельское хозяйство, охота и лесное хозяйство",животноводство,4919787,4,Май
"Сельское хозяйство, охота и лесное хозяйство",лесное хозяйство и предоставление услуг в этой области,5302283,4,Май
"Рыболовство, рыбоводство","Рыболовство, рыбоводство",4343637,4,Май
Промышленность,Всего,6952583,4,Май
Промышленность,горнодобывающая промышленность,8531549,4,Май
Промышленность,добыча топливно-энергетических полезных ископаемых,10062809,4,Май
Промышленность,"добыча угля, лигнита и торфа",4586703,4,Май
Промышленность,"добыча полезных ископаемых, кроме топливно-энергетических",6762317,4,Май
Промышленность,обрабатывающая промышленность,6845214,4,Май
Промышленность,"производство пищевых продуктов, включая напитки, и табака",6857257,4,Май
Промышленность,текстильное и швейное производство,4624792,4,Май
Промышленность,"производство кожи, изделий из кожи и производство обуви",4654432,4,Май
Промышленность,обработка древесины и производство изделий из дерева,5297291,4,Май
Промышленность,целлюлозно-бумажное производство. Издательская деятельность,6798711,4,Май
Промышленность,"производство целлюлозы, древесной массы, бумаги, картона и изделий из них",5677486,4,Май
Промышленность,издательская деятельность,9286627,4,Май
Промышленность,полиграфическая деятельность и предоставление услуг в этой области,7168347,4,Май
Промышленность,"производство кокса, нефтепродуктов и ядерных материалов",12280776,4,Май
Промышленность,химическое производство,12656514,4,Май
Промышленность,производство резиновых и пластмассовых изделий,6926597,4,Май
Промышленность,производство прочих неметаллических минеральных продуктов,6437280,4,Май
Промышленность,производство сборных железобетонных и бетонных конструкций и изделий,6433569,4,Май
Промышленность,металлургическое производство и производство готовых металлических изделий,7163195,4,Май
Промышленность,производство машин и оборудования,6097725,4,Май
Промышленность,"производство электрооборудования, электронного и оптического оборудования",6202979,4,Май
Промышленность,производство офисного оборудования и вычислительной техники,6705004,4,Май
Промышленность,производство электрических машин и электрооборудования,5693965,4,Май
Промышленность,"производство аппаратуры для радио, телевидения и связи",6372334,4,Май
Промышленность,"производство изделий медицинской техники, средств измерений, оптических приборов и аппаратуры, часов",7093297,4,Май
Промышленность,производство транспортных средств и оборудования,6876608,4,Май
Промышленность,"производство автомобилей, прицепов и полуприцепов",6573371,4,Май
Промышленность,производство прочих транспортных средств,8240708,4,Май
Промышленность,прочие отрасли промышленности,5743648,4,Май
Промышленность,"производство мебели и прочей продукции, не включенной в другие группировки",5465819,4,Май
Промышленность,обработка вторичного сырья,8004516,4,Май
Промышленность,"производство и распределение электроэнергии, газа и воды",7413660,4,Май
Промышленность,"производство тепловой энергии тепловыми электростанциями, самостоятельными котельными, прочими источниками",6239981,4,Май
Промышленность,теплоснабжение,5116105,4,Май
Промышленность,"сбор, очистка и распределение воды",5939514,4,Май
Строительство,Строительство,7660327,4,Май
"Торговля; ремонт автомобилей, бытовых изделий и предметов личного пользования","Торговля; ремонт автомобилей, бытовых изделий и предметов личного пользования",6404154,4,Май
"Торговля; ремонт автомобилей, бытовых изделий и предметов личного пользования","торговля автомобилями и мотоциклами, их техническое обслуживание и ремонт",8221859,4,Май
"Торговля; ремонт автомобилей, бытовых изделий и предметов личного пользования","оптовая торговля и торговля через агентов, кроме торговли автомобилями и мотоциклами",8326372,4,Май
"Торговля; ремонт автомобилей, бытовых изделий и предметов личного пользования","розничная торговля, кроме торговли автомобилями и мотоциклами; ремонт бытовых изделий и предметов личного пользования",5842630,4,Май
"Торговля; ремонт автомобилей, бытовых изделий и предметов личного пользования",ремонт бытовых изделий и предметов личного пользования,4000993,4,Май
Гостиницы и рестораны,Гостиницы и рестораны,4999644,4,Май
Транспорт и связь,Всего,7469623,4,Май
Транспорт и связь,деятельность сухопутного транспорта,7386976,4,Май
Транспорт и связь,деятельность железнодорожного транспорта,7865892,4,Май
Транспорт и связь,деятельность прочего сухопутного транспорта,6642078,4,Май
Транспорт и связь,деятельность водного транспорта,4569616,4,Май
Транспорт и связь,деятельность воздушного транспорта,14779233,4,Май
Транспорт и связь,"деятельность воздушного транспорта, не подчиняющегося расписанию",10847820,4,Май
Транспорт и связь,вспомогательная и дополнительная транспортная деятельность,6687577,4,Май
Транспорт и связь,прочая вспомогательная деятельность воздушного транспорта,10096783,4,Май
Транспорт и связь,связь,8093878,4,Май
Финансовая деятельность,Всего,12918832,4,Май
Финансовая деятельность,финансовое посредничество,13671447,4,Май
Финансовая деятельность,страхование,8177692,4,Май
"Операции с недвижимым имуществом, аренда и предоставление услуг потребителям",Всего,9718525,4,Май
"Операции с недвижимым имуществом, аренда и предоставление услуг потребителям",операции с недвижимым имуществом,5356776,4,Май
"Операции с недвижимым имуществом, аренда и предоставление услуг потребителям",аренда машин и оборудования без оператора и прокат бытовых изделий и предметов личного пользования,6084286,4,Май
"Операции с недвижимым имуществом, аренда и предоставление услуг потребителям","деятельность, связанная с вычислительной техникой",24551619,4,Май
"Операции с недвижимым имуществом, аренда и предоставление услуг потребителям",научные исследования и разработки,8069894,4,Май
"Операции с недвижимым имуществом, аренда и предоставление услуг потребителям",научные исследования и разработки в области естественных и технических наук,8199949,4,Май
"Операции с недвижимым имуществом, аренда и предоставление услуг потребителям",деятельность по управлению холдинговыми компаниями,10414441,4,Май
"Операции с недвижимым имуществом, аренда и предоставление услуг потребителям","деятельностьв области архитектуры, инженерные услуги",9755840,4,Май
"Операции с недвижимым имуществом, аренда и предоставление услуг потребителям",топографо-геодезическая деятельность,8425920,4,Май
Образование,Образование,4996141,4,Май
Здравоохранение и предоставление социальных услуг,Всего,5420351,4,Май
Здравоохранение и предоставление социальных услуг,деятельность в области здравоохранения,5639886,4,Май
Здравоохранение и предоставление социальных услуг,предоставление социальных услуг,3990257,4,Май
"Предоставление коммунальных, социальных и персональных услуг",Всего,5293958,4,Май
"Предоставление коммунальных, социальных и персональных услуг","деятельность по организации отдыха и развлечений, культуры и спорта",5276419,4,Май
"Предоставление коммунальных, социальных и персональных услуг","деятельность, связанная с кино- и видеофильмами",4209862,4,Май
"Предоставление коммунальных, социальных и персональных услуг",деятельность в области радиовещания и телевидения,9790867,4,Май
Справочно: рабочие и служащие,Справочно: рабочие и служащие,6724045,4,Май
Всего,Всего,6883744,5,Июнь
Всего,"Сельское хозяйство, охота и лесное хозяйство",5162535,5,Июнь
"Сельское хозяйство, охота и лесное хозяйство","сельское хозяйство, охота и предоставление услуг в этих областях",5112994,5,Июнь
"Сельское хозяйство, охота и лесное хозяйство",животноводство,5004935,5,Июнь
"Сельское хозяйство, охота и лесное хозяйство",лесное хозяйство и предоставление услуг в этой области,5584621,5,Июнь
"Рыболовство, рыбоводство","Рыболовство, рыбоводство",4294627,5,Июнь
Промышленность,Всего,7110662,5,Июнь
Промышленность,горнодобывающая промышленность,9109086,5,Июнь
Промышленность,добыча топливно-энергетических полезных ископаемых,10915177,5,Июнь
Промышленность,"добыча угля, лигнита и торфа",5394936,5,Июнь
Промышленность,"добыча полезных ископаемых, кроме топливно-энергетических",6998831,5,Июнь
Промышленность,обрабатывающая промышленность,6997835,5,Июнь
Промышленность,"производство пищевых продуктов, включая напитки, и табака",7126044,5,Июнь
Промышленность,текстильное и швейное производство,4903341,5,Июнь
Промышленность,"производство кожи, изделий из кожи и производство обуви",5591109,5,Июнь
Промышленность,обработка древесины и производство изделий из дерева,5558936,5,Июнь
Промышленность,целлюлозно-бумажное производство. Издательская деятельность,6991323,5,Июнь
Промышленность,"производство целлюлозы, древесной массы, бумаги, картона и изделий из них",5914448,5,Июнь
Промышленность,издательская деятельность,9133373,5,Июнь
Промышленность,полиграфическая деятельность и предоставление услуг в этой области,7577076,5,Июнь
Промышленность,"производство кокса, нефтепродуктов и ядерных материалов",13126639,5,Июнь
Промышленность,химическое производство,10704096,5,Июнь
Промышленность,производство резиновых и пластмассовых изделий,7365369,5,Июнь
Промышленность,производство прочих неметаллических минеральных продуктов,6604652,5,Июнь
Промышленность,производство сборных железобетонных и бетонных конструкций и изделий,6575610,5,Июнь
Промышленность,металлургическое производство и производство готовых металлических изделий,7460457,5,Июнь
Промышленность,производство машин и оборудования,6423067,5,Июнь
Промышленность,"производство электрооборудования, электронного и оптического оборудования",6620963,5,Июнь
Промышленность,производство офисного оборудования и вычислительной техники,9780353,5,Июнь
Промышленность,производство электрических машин и электрооборудования,6046036,5,Июнь
Промышленность,"производство аппаратуры для радио, телевидения и связи",6988292,5,Июнь
Промышленность,"производство изделий медицинской техники, средств измерений, оптических приборов и аппаратуры, часов",7440832,5,Июнь
Промышленность,производство транспортных средств и оборудования,7188892,5,Июнь
Промышленность,"производство автомобилей, прицепов и полуприцепов",6821670,5,Июнь
Промышленность,производство прочих транспортных средств,8834293,5,Июнь
Промышленность,прочие отрасли промышленности,6025223,5,Июнь
Промышленность,"производство мебели и прочей продукции, не включенной в другие группировки",5749654,5,Июнь
Промышленность,обработка вторичного сырья,8234147,5,Июнь
Промышленность,"производство и распределение электроэнергии, газа и воды",7550491,5,Июнь
Промышленность,"производство тепловой энергии тепловыми электростанциями, самостоятельными котельными, прочими источниками",6348707,5,Июнь
Промышленность,теплоснабжение,5486434,5,Июнь
Промышленность,"сбор, очистка и распределение воды",6190450,5,Июнь
Строительство,Строительство,8152307,5,Июнь
"Торговля; ремонт автомобилей, бытовых изделий и предметов личного пользования",Всего,6540192,5,Июнь
"Торговля; ремонт автомобилей, бытовых изделий и предметов личного пользования","торговля автомобилями и мотоциклами, их техническое обслуживание и ремонт",8165730,5,Июнь
"Торговля; ремонт автомобилей, бытовых изделий и предметов личного пользования","оптовая торговля и торговля через агентов, кроме торговли автомобилями и мотоциклами",8753593,5,Июнь
"Торговля; ремонт автомобилей, бытовых изделий и предметов личного пользования","розничная торговля, кроме торговли автомобилями и мотоциклами; ремонт бытовых изделий и предметов личного пользования",5936833,5,Июнь
"Торговля; ремонт автомобилей, бытовых изделий и предметов личного пользования",ремонт бытовых изделий и предметов личного пользования,4110161,5,Июнь
Гостиницы и рестораны,Гостиницы и рестораны,5095251,5,Июнь
Транспорт и связь,Всего,7685573,5,Июнь
Транспорт и связь,деятельность сухопутного транспорта,7470200,5,Июнь
Транспорт и связь,деятельность железнодорожного транспорта,7880631,5,Июнь
Транспорт и связь,деятельность прочего сухопутного транспорта,6701311,5,Июнь
Транспорт и связь,деятельность водного транспорта,4842191,5,Июнь
Транспорт и связь,деятельность воздушного транспорта,17376506,5,Июнь
Транспорт и связь,"деятельность воздушного транспорта, не подчиняющегося расписанию",11046423,5,Июнь
Транспорт и связь,вспомогательная и дополнительная транспортная деятельность,6876387,5,Июнь
Транспорт и связь,прочая вспомогательная деятельность воздушного транспорта,10095494,5,Июнь
Транспорт и связь,связь,8645046,5,Июнь
Финансовая деятельность,Всего,11463247,5,Июнь
Финансовая деятельность,финансовое посредничество,11818641,5,Июнь
Финансовая деятельность,страхование,9061476,5,Июнь
"Операции с недвижимым имуществом, аренда и предоставление услуг потребителям",Всего,10799125,5,Июнь
"Операции с недвижимым имуществом, аренда и предоставление услуг потребителям",операции с недвижимым имуществом,5471693,5,Июнь
"Операции с недвижимым имуществом, аренда и предоставление услуг потребителям",аренда машин и оборудования без оператора и прокат бытовых изделий и предметов личного пользования,6290909,5,Июнь
"Операции с недвижимым имуществом, аренда и предоставление услуг потребителям","деятельность, связанная с вычислительной техникой",29459090,5,Июнь
"Операции с недвижимым имуществом, аренда и предоставление услуг потребителям",научные исследования и разработки,9175243,5,Июнь
"Операции с недвижимым имуществом, аренда и предоставление услуг потребителям",научные исследования и разработки в области естественных и технических наук,9238376,5,Июнь
"Операции с недвижимым имуществом, аренда и предоставление услуг потребителям",деятельность по управлению холдинговыми компаниями,10857701,5,Июнь
"Операции с недвижимым имуществом, аренда и предоставление услуг потребителям","деятельностьв области архитектуры, инженерные услуги",10343029,5,Июнь
"Операции с недвижимым имуществом, аренда и предоставление услуг потребителям",топографо-геодезическая деятельность,8549850,5,Июнь
Образование,Образование,5036464,5,Июнь
Здравоохранение и предоставление социальных услуг,Всего,5709395,5,Июнь
Здравоохранение и предоставление социальных услуг,деятельность в области здравоохранения,5962842,5,Июнь
Здравоохранение и предоставление социальных услуг,предоставление социальных услуг,4058390,5,Июнь
"Предоставление коммунальных, социальных и персональных услуг",Всего,5321070,5,Июнь
"Предоставление коммунальных, социальных и персональных услуг","деятельность по организации отдыха и развлечений, культуры и спорта",5253524,5,Июнь
"Предоставление коммунальных, социальных и персональных услуг","деятельность, связанная с кино- и видеофильмами",5169218,5,Июнь
"Предоставление коммунальных, социальных и персональных услуг",деятельность в области радиовещания и телевидения,9922084,5,Июнь
Справочно: рабочие и служащие,Справочно: рабочие и служащие,6919700,5,Июнь
Всего,Всего,7008649,6,Июль
"Сельское хозяйство, охота и лесное хозяйство","Сельское хозяйство, охота и лесное хозяйство",5370378,6,Июль
"Сельское хозяйство, охота и лесное хозяйство","сельское хозяйство, охота и предоставление услуг в этих областях",5330708,6,Июль
"Сельское хозяйство, охота и лесное хозяйство",растениеводство,5572027,6,Июль
"Сельское хозяйство, охота и лесное хозяйство",животноводство,5151099,6,Июль
"Сельское хозяйство, охота и лесное хозяйство",лесное хозяйство и предоставление услуг в этой области,5715544,6,Июль
"Рыболовство, рыбоводство","Рыболовство, рыбоводство",4413996,6,Июль
Промышленность,Промышленность,7353517,6,Июль
Промышленность,горнодобывающая промышленность,9841425,6,Июль
Промышленность,добыча топливно-энергетических полезных ископаемых,11338127,6,Июль
Промышленность,"добыча угля, лигнита и торфа",5275178,6,Июль
Промышленность,"добыча полезных ископаемых, кроме топливно-энергетических",8104910,6,Июль
Промышленность,обрабатывающая промышленность,7237406,6,Июль
Промышленность,"производство пищевых продуктов, включая напитки, и табака",7279379,6,Июль
Промышленность,текстильное и швейное производство,5015132,6,Июль
Промышленность,"производство кожи, изделий из кожи и производство обуви",5279831,6,Июль
Промышленность,обработка древесины и производство изделий из дерева,5796441,6,Июль
Промышленность,целлюлозно-бумажное производство. Издательская деятельность,7118203,6,Июль
Промышленность,"производство целлюлозы, древесной массы, бумаги, картона и изделий из них",5949757,6,Июль
Промышленность,издательская деятельность,9418938,6,Июль
Промышленность,полиграфическая деятельность и предоставление услуг в этой области,7785431,6,Июль
Промышленность,"производство кокса, нефтепродуктов и ядерных материалов",13701068,6,Июль
Промышленность,химическое производство,12086356,6,Июль
Промышленность,производство резиновых и пластмассовых изделий,7302757,6,Июль
Промышленность,производство прочих неметаллических минеральных продуктов,6781792,6,Июль
Промышленность,производство сборных железобетонных и бетонных конструкций и изделий,6726405,6,Июль
Промышленность,металлургическое производство и производство готовых металлических изделий,7934806,6,Июль
Промышленность,производство машин и оборудования,6518427,6,Июль
Промышленность,"производство электрооборудования, электронного и оптического оборудования",6567366,6,Июль
Промышленность,производство офисного оборудования и вычислительной техники,7974114,6,Июль
Промышленность,производство электрических машин и электрооборудования,6078034,6,Июль
Промышленность,"производство аппаратуры для радио, телевидения и связи",6482293,6,Июль
Промышленность,"производство изделий медицинской техники, средств измерений, оптических приборов и аппаратуры, часов",7532939,6,Июль
Промышленность,производство транспортных средств и оборудования,7269154,6,Июль
Промышленность,"производство автомобилей, прицепов и полуприцепов",6931921,6,Июль
Промышленность,производство прочих транспортных средств,8790052,6,Июль
Промышленность,прочие отрасли промышленности,6260222,6,Июль
Промышленность,"производство мебели и прочей продукции, не включенной в другие группировки",5907099,6,Июль
Промышленность,обработка вторичного сырья,9076480,6,Июль
Промышленность,"производство и распределение электроэнергии, газа и воды",7750717,6,Июль
Промышленность,"производство тепловой энергии тепловыми электростанциями, самостоятельными котельными, прочими источниками",6485439,6,Июль
Промышленность,теплоснабжение,5477436,6,Июль
Промышленность,"сбор, очистка и распределение воды",6259013,6,Июль
Строительство,Строительство,8187576,6,Июль
"Торговля; ремонт автомобилей, бытовых изделий и предметов личного пользования","Торговля; ремонт автомобилей, бытовых изделий и предметов личного пользования",6808583,6,Июль
"Торговля; ремонт автомобилей, бытовых изделий и предметов личного пользования","торговля автомобилями и мотоциклами, их техническое обслуживание и ремонт",9059286,6,Июль
"Торговля; ремонт автомобилей, бытовых изделий и предметов личного пользования","оптовая торговля и торговля через агентов, кроме торговли автомобилями и мотоциклами",9285701,6,Июль
"Торговля; ремонт автомобилей, бытовых изделий и предметов личного пользования","розничная торговля, кроме торговли автомобилями и мотоциклами; ремонт бытовых изделий и предметов личного пользования",6100637,6,Июль
"Торговля; ремонт автомобилей, бытовых изделий и предметов личного пользования",ремонт бытовых изделий и предметов личного пользования,4166292,6,Июль
Гостиницы и рестораны,Гостиницы и рестораны,5391395,6,Июль
Транспорт и связь,Транспорт и связь,7997906,6,Июль
Транспорт и связь,деятельность сухопутного транспорта,8035594,6,Июль
Транспорт и связь,деятельность железнодорожного транспорта,8818737,6,Июль
Транспорт и связь,деятельность прочего сухопутного транспорта,6990633,6,Июль
Транспорт и связь,деятельность водного транспорта,4799286,6,Июль
Транспорт и связь,деятельность воздушного транспорта,16896616,6,Июль
Транспорт и связь,"деятельность воздушного транспорта, не подчиняющегося расписанию",11179124,6,Июль
Транспорт и связь,вспомогательная и дополнительная транспортная деятельность,7085309,6,Июль
Транспорт и связь,прочая вспомогательная деятельность воздушного транспорта,9742577,6,Июль
Транспорт и связь,связь,8245926,6,Июль
Финансовая деятельность,Финансовая деятельность,12065062,6,Июль
Финансовая деятельность,финансовое посредничество,12507777,6,Июль
Финансовая деятельность,страхование,9142540,6,Июль
"Операции с недвижимым имуществом, аренда и предоставление услуг потребителям","Операции с недвижимым имуществом, аренда и предоставление услуг потребителям",10419995,6,Июль
"Операции с недвижимым имуществом, аренда и предоставление услуг потребителям",операции с недвижимым имуществом,5595731,6,Июль
"Операции с недвижимым имуществом, аренда и предоставление услуг потребителям",сдача в наем собственного недвижимого имущества,5450043,6,Июль
"Операции с недвижимым имуществом, аренда и предоставление услуг потребителям",аренда машин и оборудования без оператора и прокат бытовых изделий и предметов личного пользования,7144878,6,Июль
"Операции с недвижимым имуществом, аренда и предоставление услуг потребителям","деятельность, связанная с вычислительной техникой",26360888,6,Июль
"Операции с недвижимым имуществом, аренда и предоставление услуг потребителям",научные исследования и разработки,8880506,6,Июль
"Операции с недвижимым имуществом, аренда и предоставление услуг потребителям",научные исследования и разработки в области естественных и технических наук,8968178,6,Июль
"Операции с недвижимым имуществом, аренда и предоставление услуг потребителям",деятельность по управлению холдинговыми компаниями,10987552,6,Июль
"Операции с недвижимым имуществом, аренда и предоставление услуг потребителям","деятельностьв области архитектуры, инженерные услуги",10466602,6,Июль
"Операции с недвижимым имуществом, аренда и предоставление услуг потребителям",топографо-геодезическая деятельность,9238746,6,Июль
Образование,Образование,4799904,6,Июль
Здравоохранение и предоставление социальных услуг,Здравоохранение и предоставление социальных услуг,5621721,6,Июль
Здравоохранение и предоставление социальных услуг,деятельность в области здравоохранения,5850720,6,Июль
Здравоохранение и предоставление социальных услуг,предоставление социальных услуг,4053788,6,Июль
"Предоставление коммунальных, социальных и персональных услуг","Предоставление коммунальных, социальных и персональных услуг",5425696,6,Июль
"Предоставление коммунальных, социальных и персональных услуг","деятельность по организации отдыха и развлечений, культуры и спорта",5340215,6,Июль
"Предоставление коммунальных, социальных и персональных услуг","деятельность, связанная с кино- и видеофильмами",5232574,6,Июль
"Предоставление коммунальных, социальных и персональных услуг",деятельность в области радиовещания и телевидения,10055028,6,Июль
Справочно: рабочие и служащие,Справочно: рабочие и служащие,7040791,6,Июль
Всего,Всего,6970521,7,Август
"Сельское хозяйство, охота и лесное хозяйство",Всего,5712402,7,Август
"Сельское хозяйство, охота и лесное хозяйство","сельское хозяйство, охота и предоставление услуг в этих областях",5721567,7,Август
"Сельское хозяйство, охота и лесное хозяйство",растениеводство,6405294,7,Август
"Сельское хозяйство, охота и лесное хозяйство",животноводство,5308580,7,Август
"Сельское хозяйство, охота и лесное хозяйство",лесное хозяйство и предоставление услуг в этой области,5632408,7,Август
"Рыболовство, рыбоводство","Рыболовство, рыбоводство",4518838,7,Август
Промышленность,Всего,7358924,7,Август
Промышленность,горнодобывающая промышленность,10503646,7,Август
Промышленность,добыча топливно-энергетических полезных ископаемых,12705576,7,Август
Промышленность,"добыча угля, лигнита и торфа",5415693,7,Август
Промышленность,"добыча полезных ископаемых, кроме топливно-энергетических",7971326,7,Август
Промышленность,обрабатывающая промышленность,7232078,7,Август
Промышленность,"производство пищевых продуктов, включая напитки, и табака",7190605,7,Август
Промышленность,текстильное и швейное производство,5004629,7,Август
Промышленность,"производство кожи, изделий из кожи и производство обуви",5089946,7,Август
Промышленность,обработка древесины и производство изделий из дерева,5754131,7,Август
Промышленность,целлюлозно-бумажное производство. Издательская деятельность,7033091,7,Август
Промышленность,"производство целлюлозы, древесной массы, бумаги, картона и изделий из них",6012925,7,Август
Промышленность,издательская деятельность,9281315,7,Август
Промышленность,полиграфическая деятельность и предоставление услуг в этой области,7449319,7,Август
Промышленность,"производство кокса, нефтепродуктов и ядерных материалов",12490855,7,Август
Промышленность,химическое производство,12033377,7,Август
Промышленность,производство резиновых и пластмассовых изделий,7410370,7,Август
Промышленность,производство прочих неметаллических минеральных продуктов,6970510,7,Август
Промышленность,производство сборных железобетонных и бетонных конструкций и изделий,6894962,7,Август
Промышленность,металлургическое производство и производство готовых металлических изделий,7771409,7,Август
Промышленность,производство машин и оборудования,6676846,7,Август
Промышленность,"производство электрооборудования, электронного и оптического оборудования",6696429,7,Август
Промышленность,производство офисного оборудования и вычислительной техники,11744518,7,Август
Промышленность,производство электрических машин и электрооборудования,6304839,7,Август
Промышленность,"производство аппаратуры для радио, телевидения и связи",6579398,7,Август
Промышленность,"производство изделий медицинской техники, средств измерений, оптических приборов и аппаратуры, часов",7467378,7,Август
Промышленность,производство транспортных средств и оборудования,7353272,7,Август
Промышленность,"производство автомобилей, прицепов и полуприцепов",7043912,7,Август
Промышленность,производство прочих транспортных средств,8726719,7,Август
Промышленность,прочие отрасли промышленности,6128919,7,Август
Промышленность,"производство мебели и прочей продукции, не включенной в другие группировки",5928695,7,Август
Промышленность,обработка вторичного сырья,7741155,7,Август
Промышленность,"производство и распределение электроэнергии, газа и воды",7736426,7,Август
Промышленность,"производство тепловой энергии тепловыми электростанциями, самостоятельными котельными, прочими источниками",6458603,7,Август
Промышленность,теплоснабжение,5329242,7,Август
Промышленность,"сбор, очистка и распределение воды",6181174,7,Август
Строительство,Строительство,8344584,7,Август
"Торговля; ремонт автомобилей, бытовых изделий и предметов личного пользования",Всего,6664005,7,Август
"Торговля; ремонт автомобилей, бытовых изделий и предметов личного пользования","торговля автомобилями и мотоциклами, их техническое обслуживание и ремонт",8840440,7,Август
"Торговля; ремонт автомобилей, бытовых изделий и предметов личного пользования","оптовая торговля и торговля через агентов, кроме торговли автомобилями и мотоциклами",8939012,7,Август
"Торговля; ремонт автомобилей, бытовых изделий и предметов личного пользования","розничная торговля, кроме торговли автомобилями и мотоциклами; ремонт бытовых изделий и предметов личного пользования",6007994,7,Август
"Торговля; ремонт автомобилей, бытовых изделий и предметов личного пользования",ремонт бытовых изделий и предметов личного пользования,4086368,7,Август
Гостиницы и рестораны,Гостиницы и рестораны,5312955,7,Август
Транспорт и связь,Всего,7786186,7,Август
Транспорт и связь,деятельность сухопутного транспорта,7719789,7,Август
Транспорт и связь,деятельность железнодорожного транспорта,8076286,7,Август
Транспорт и связь,деятельность прочего сухопутного транспорта,7053872,7,Август
Транспорт и связь,деятельность водного транспорта,4813002,7,Август
Транспорт и связь,деятельность воздушного транспорта,15829210,7,Август
Транспорт и связь,"деятельность воздушного транспорта, не подчиняющегося расписанию",11523796,7,Август
Транспорт и связь,вспомогательная и дополнительная транспортная деятельность,7060157,7,Август
Транспорт и связь,прочая вспомогательная деятельность воздушного транспорта,9968584,7,Август
Транспорт и связь,связь,8264553,7,Август
Финансовая деятельность,Всего,10948574,7,Август
Финансовая деятельность,финансовое посредничество,11319584,7,Август
Финансовая деятельность,страхование,8493842,7,Август
"Операции с недвижимым имуществом, аренда и предоставление услуг потребителям",Всего,10795364,7,Август
"Операции с недвижимым имуществом, аренда и предоставление услуг потребителям",операции с недвижимым имуществом,5567746,7,Август
"Операции с недвижимым имуществом, аренда и предоставление услуг потребителям",сдача в наем собственного недвижимого имущества,5536447,7,Август
"Операции с недвижимым имуществом, аренда и предоставление услуг потребителям",аренда машин и оборудования без оператора и прокат бытовых изделий и предметов личного пользования,6054500,7,Август
"Операции с недвижимым имуществом, аренда и предоставление услуг потребителям","деятельность, связанная с вычислительной техникой",28461831,7,Август
"Операции с недвижимым имуществом, аренда и предоставление услуг потребителям",научные исследования и разработки,8520217,7,Август
"Операции с недвижимым имуществом, аренда и предоставление услуг потребителям",научные исследования и разработки в области естественных и технических наук,8619365,7,Август
"Операции с недвижимым имуществом, аренда и предоставление услуг потребителям",деятельность по управлению холдинговыми компаниями,10943909,7,Август
"Операции с недвижимым имуществом, аренда и предоставление услуг потребителям","деятельностьв области архитектуры, инженерные услуги",11081769,7,Август
"Операции с недвижимым имуществом, аренда и предоставление услуг потребителям",топографо-геодезическая деятельность,9205610,7,Август
Образование,Образование,4635928,7,Август
Здравоохранение и предоставление социальных услуг,Всего,5455345,7,Август
Здравоохранение и предоставление социальных услуг,деятельность в области здравоохранения,5668823,7,Август
Здравоохранение и предоставление социальных услуг,предоставление социальных услуг,4039757,7,Август
"Предоставлениекоммунальных, социальных и персональных услуг",Всего,5347285,7,Август
"Предоставлениекоммунальных, социальных и персональных услуг","деятельность по организации отдыха и развлечений, культуры и спорта",5262972,7,Август
"Предоставлениекоммунальных, социальных и персональных услуг","деятельность, связанная с кино- и видеофильмами",4209213,7,Август
"Предоставлениекоммунальных, социальных и персональных услуг",деятельность в области радиовещания и телевидения,9583210,7,Август
Справочно: рабочие и служащие,Справочно: рабочие и служащие,6988221,7,Август
Всего,Всего,6862950,8,Сентябрь
"Сельское хозяйство, охота и лесное хозяйство",Всего,5104769,8,Сентябрь
"Сельское хозяйство, охота и лесное хозяйство","сельское хозяйство, охота и предоставление услуг в этих областях",5016040,8,Сентябрь
"Сельское хозяйство, охота и лесное хозяйство",растениеводство,5155536,8,Сентябрь
"Сельское хозяйство, охота и лесное хозяйство",животноводство,4883096,8,Сентябрь
"Сельское хозяйство, охота и лесное хозяйство",лесное хозяйство и предоставление услуг в этой области,5869495,8,Сентябрь
"Рыболовство, рыбоводство","Рыболовство, рыбоводство",4698067,8,Сентябрь
Промышленность,Всего,7387212,8,Сентябрь
Промышленность,горнодобывающая промышленность,10006994,8,Сентябрь
Промышленность,добыча топливно-энергетических полезных ископаемых,11765597,8,Сентябрь
Промышленность,"добыча угля, лигнита и торфа",5851994,8,Сентябрь
Промышленность,"добыча полезных ископаемых, кроме топливно-энергетических",7984763,8,Сентябрь
Промышленность,обрабатывающая промышленность,7304602,8,Сентябрь
Промышленность,"производство пищевых продуктов, включая напитки, и табака",7087955,8,Сентябрь
Промышленность,текстильное и швейное производство,5090859,8,Сентябрь
Промышленность,"производство кожи, изделий из кожи и производство обуви",5279551,8,Сентябрь
Промышленность,обработка древесины и производство изделий из дерева,5881935,8,Сентябрь
Промышленность,целлюлозно-бумажное производство. Издательская деятельность,7081614,8,Сентябрь
Промышленность,"производство целлюлозы, древесной массы, бумаги, картона и изделий из них",5997519,8,Сентябрь
Промышленность,издательская деятельность,9290928,8,Сентябрь
Промышленность,полиграфическая деятельность и предоставление услуг в этой области,7672884,8,Сентябрь
Промышленность,"производство кокса, нефтепродуктов и ядерных материалов",12394061,8,Сентябрь
Промышленность,химическое производство,11696426,8,Сентябрь
Промышленность,производство резиновых и пластмассовых изделий,7215202,8,Сентябрь
Промышленность,производство прочих неметаллических минеральных продуктов,6691383,8,Сентябрь
Промышленность,производство сборных железобетонных и бетонных конструкций и изделий,6720968,8,Сентябрь
Промышленность,металлургическое производство и производство готовых металлических изделий,7677909,8,Сентябрь
Промышленность,производство машин и оборудования,7063707,8,Сентябрь
Промышленность,"производство электрооборудования, электронного и оптического оборудования",7091430,8,Сентябрь
Промышленность,производство офисного оборудования и вычислительной техники,8124338,8,Сентябрь
Промышленность,производство электрических машин и электрооборудования,6589070,8,Сентябрь
Промышленность,"производство аппаратуры для радио, телевидения и связи",7567682,8,Сентябрь
Промышленность,"производство изделий медицинской техники, средств измерений, оптических приборов и аппаратуры, часов",7736133,8,Сентябрь
Промышленность,производство транспортных средств и оборудования,7775977,8,Сентябрь
Промышленность,"производство автомобилей, прицепов и полуприцепов",7554066,8,Сентябрь
Промышленность,производство прочих транспортных средств,8767860,8,Сентябрь
Промышленность,прочие отрасли промышленности,6400466,8,Сентябрь
Промышленность,"производство мебели и прочей продукции, не включенной в другие группировки",6175946,8,Сентябрь
Промышленность,обработка вторичного сырья,8187396,8,Сентябрь
Промышленность,"производство и распределение электроэнергии, газа и воды",7553578,8,Сентябрь
Промышленность,"производство тепловой энергии тепловыми электростанциями, самостоятельными котельными, прочими источниками",6317786,8,Сентябрь
Промышленность,теплоснабжение,5252995,8,Сентябрь
Промышленность,"сбор, очистка и распределение воды",6206429,8,Сентябрь
Строительство,Строительство,8338895,8,Сентябрь
"Торговля; ремонт автомобилей, бытовых изделий и предметов личного пользования",Всего,6549081,8,Сентябрь
"Торговля; ремонт автомобилей, бытовых изделий и предметов личного пользования","торговля автомобилями и мотоциклами, их техническое обслуживание и ремонт",8365550,8,Сентябрь
"Торговля; ремонт автомобилей, бытовых изделий и предметов личного пользования","оптовая торговля и торговля через агентов, кроме торговли автомобилями и мотоциклами",8982159,8,Сентябрь
"Торговля; ремонт автомобилей, бытовых изделий и предметов личного пользования","розничная торговля, кроме торговли автомобилями и мотоциклами; ремонт бытовых изделий и предметов личного пользования",5888881,8,Сентябрь
"Торговля; ремонт автомобилей, бытовых изделий и предметов личного пользования",ремонт бытовых изделий и предметов личного пользования,4356690,8,Сентябрь
Гостиницы и рестораны,Гостиницы и рестораны,5060916,8,Сентябрь
Транспорт и связь,Всего,7661944,8,Сентябрь
Транспорт и связь,деятельность сухопутного транспорта,7636624,8,Сентябрь
Транспорт и связь,деятельность железнодорожного транспорта,7711859,8,Сентябрь
Транспорт и связь,деятельность прочего сухопутного транспорта,6843222,8,Сентябрь
Транспорт и связь,деятельность водного транспорта,4672209,8,Сентябрь
Транспорт и связь,деятельность воздушного транспорта,15330602,8,Сентябрь
Транспорт и связь,"деятельность воздушного транспорта, не подчиняющегося расписанию",10822865,8,Сентябрь
Транспорт и связь,вспомогательная и дополнительная транспортная деятельность,6942670,8,Сентябрь
Транспорт и связь,прочая вспомогательная деятельность воздушного транспорта,10138844,8,Сентябрь
Транспорт и связь,связь,8011242,8,Сентябрь
Финансовая деятельность,Всего,10457528,8,Сентябрь
Финансовая деятельность,финансовое посредничество,10736075,8,Сентябрь
Финансовая деятельность,страхование,8574554,8,Сентябрь
"Операции с недвижимым имуществом, аренда и предоставление услуг потребителям",Всего,10767112,8,Сентябрь
"Операции с недвижимым имуществом, аренда и предоставление услуг потребителям",операции с недвижимым имуществом,5590755,8,Сентябрь
"Операции с недвижимым имуществом, аренда и предоставление услуг потребителям",сдача в наем собственного недвижимого имущества,5457540,8,Сентябрь
"Операции с недвижимым имуществом, аренда и предоставление услуг потребителям",аренда машин и оборудования без оператора и прокат бытовых изделий и предметов личного пользования,5875622,8,Сентябрь
"Операции с недвижимым имуществом, аренда и предоставление услуг потребителям","деятельность, связанная с вычислительной техникой",27659262,8,Сентябрь
"Операции с недвижимым имуществом, аренда и предоставление услуг потребителям",научные исследования и разработки,9315250,8,Сентябрь
"Операции с недвижимым имуществом, аренда и предоставление услуг потребителям",научные исследования и разработки в области естественных и технических наук,9421550,8,Сентябрь
"Операции с недвижимым имуществом, аренда и предоставление услуг потребителям",деятельность по управлению холдинговыми компаниями,10612185,8,Сентябрь
"Операции с недвижимым имуществом, аренда и предоставление услуг потребителям","деятельностьв области архитектуры, инженерные услуги",10468809,8,Сентябрь
"Операции с недвижимым имуществом, аренда и предоставление услуг потребителям",топографо-геодезическая деятельность,9112482,8,Сентябрь
Образование,Образование,4810063,8,Сентябрь
Здравоохранение и предоставление социальных услуг,Всего,5442301,8,Сентябрь
Здравоохранение и предоставление социальных услуг,деятельность в области здравоохранения,5657846,8,Сентябрь
Здравоохранение и предоставление социальных услуг,предоставление социальных услуг,4000890,8,Сентябрь
"Предоставление коммунальных, социальных и персональных услуг",Всего,5461349,8,Сентябрь
"Предоставление коммунальных, социальных и персональных услуг","деятельность по организации отдыха и развлечений, культуры и спорта",5429803,8,Сентябрь
"Предоставление коммунальных, социальных и персональных услуг","деятельность, связанная с кино- и видеофильмами",4251105,8,Сентябрь
"Предоставление коммунальных, социальных и персональных услуг",деятельность в области радиовещания и телевидения,9642721,8,Сентябрь
Справочно: рабочие и служащие,Справочно: рабочие и служащие,6898757,8,Сентябрь
Всего,Всего,6837568,9,Октябрь
"Сельское хозяйство, охота и лесное хозяйство",Всего,4912972,9,Октябрь
"Сельское хозяйство, охота и лесное хозяйство","сельское хозяйство, охота и предоставление услуг в этих областях",4817713,9,Октябрь
"Сельское хозяйство, охота и лесное хозяйство",растениеводство,4788098,9,Октябрь
"Сельское хозяйство, охота и лесное хозяйство",животноводство,4759189,9,Октябрь
"Сельское хозяйство, охота и лесное хозяйство",лесное хозяйство и предоставление услуг в этой области,5724199,9,Октябрь
"Рыболовство, рыбоводство","Рыболовство, рыбоводство",5277261,9,Октябрь
Промышленность,Всего,7325437,9,Октябрь
Промышленность,горнодобывающая промышленность,9952036,9,Октябрь
Промышленность,добыча топливно-энергетических полезных ископаемых,11818909,9,Октябрь
Промышленность,"добыча угля, лигнита и торфа",6001853,9,Октябрь
Промышленность,"добыча полезных ископаемых, кроме топливно-энергетических",7819293,9,Октябрь
Промышленность,обрабатывающая промышленность,7253424,9,Октябрь
Промышленность,"производство пищевых продуктов, включая напитки, и табака",7329078,9,Октябрь
Промышленность,текстильное и швейное производство,5121596,9,Октябрь
Промышленность,"производство кожи, изделий из кожи и производство обуви",5301546,9,Октябрь
Промышленность,обработка древесины и производство изделий из дерева,5929899,9,Октябрь
Промышленность,целлюлозно-бумажное производство. Издательская деятельность,7129194,9,Октябрь
Промышленность,"производство целлюлозы, древесной массы, бумаги, картона и изделий из них",5914072,9,Октябрь
Промышленность,издательская деятельность,9183006,9,Октябрь
Промышленность,полиграфическая деятельность и предоставление услуг в этой области,8131774,9,Октябрь
Промышленность,"производство кокса, нефтепродуктов и ядерных материалов",11820833,9,Октябрь
Промышленность,химическое производство,11483882,9,Октябрь
Промышленность,производство резиновых и пластмассовых изделий,7352139,9,Октябрь
Промышленность,производство прочих неметаллических минеральных продуктов,6568265,9,Октябрь
Промышленность,производство сборных железобетонных и бетонных конструкций и изделий,6531040,9,Октябрь
Промышленность,металлургическое производство и производство готовых металлических изделий,7307490,9,Октябрь
Промышленность,производство машин и оборудования,6902336,9,Октябрь
Промышленность,"производство электрооборудования, электронного и оптического оборудования",7099669,9,Октябрь
Промышленность,производство офисного оборудования и вычислительной техники,8495755,9,Октябрь
Промышленность,производство электрических машин и электрооборудования,6575565,9,Октябрь
Промышленность,"производство аппаратуры для радио, телевидения и связи",7588855,9,Октябрь
Промышленность,"производство изделий медицинской техники, средств измерений, оптических приборов и аппаратуры, часов",7789253,9,Октябрь
Промышленность,производство транспортных средств и оборудования,7452978,9,Октябрь
Промышленность,"производство автомобилей, прицепов и полуприцепов",7082956,9,Октябрь
Промышленность,производство прочих транспортных средств,9143016,9,Октябрь
Промышленность,прочие отрасли промышленности,6328594,9,Октябрь
Промышленность,"производство мебели и прочей продукции, не включенной в другие группировки",6111811,9,Октябрь
Промышленность,обработка вторичного сырья,8054579,9,Октябрь
Промышленность,"производство и распределение электроэнергии, газа и воды",7422314,9,Октябрь
Промышленность,"производство тепловой энергии тепловыми электростанциями, самостоятельными котельными, прочими источниками",6085882,9,Октябрь
Промышленность,теплоснабжение,5353912,9,Октябрь
Промышленность,"сбор, очистка и распределение воды",6208008,9,Октябрь
Строительство,Строительство,8263455,9,Октябрь
"Торговля; ремонт автомобилей, бытовых изделий и предметов личного пользования",Всего,6605247,9,Октябрь
"Торговля; ремонт автомобилей, бытовых изделий и предметов личного пользования","торговля автомобилями и мотоциклами, их техническое обслуживание и ремонт",8735980,9,Октябрь
"Торговля; ремонт автомобилей, бытовых изделий и предметов личного пользования","оптовая торговля и торговля через агентов, кроме торговли автомобилями и мотоциклами",8941966,9,Октябрь
"Торговля; ремонт автомобилей, бытовых изделий и предметов личного пользования","розничная торговля, кроме торговли автомобилями и мотоциклами; ремонт бытовых изделий и предметов личного пользования",5943856,9,Октябрь
"Торговля; ремонт автомобилей, бытовых изделий и предметов личного пользования",ремонт бытовых изделий и предметов личного пользования,4749956,9,Октябрь
Гостиницы и рестораны,Гостиницы и рестораны,5282689,9,Октябрь
Транспорт и связь,Всего,7749878,9,Октябрь
Транспорт и связь,деятельность сухопутного транспорта,7552229,9,Октябрь
Транспорт и связь,деятельность железнодорожного транспорта,7682063,9,Октябрь
Транспорт и связь,деятельность прочего сухопутного транспорта,7103074,9,Октябрь
Транспорт и связь,деятельность водного транспорта,4642289,9,Октябрь
Транспорт и связь,деятельность воздушного транспорта,15870815,9,Октябрь
Транспорт и связь,"деятельность воздушного транспорта, не подчиняющегося расписанию",11259456,9,Октябрь
Транспорт и связь,вспомогательная и дополнительная транспортная деятельность,7251495,9,Октябрь
Транспорт и связь,прочая вспомогательная деятельность воздушного транспорта,10452233,9,Октябрь
Транспорт и связь,связь,8461320,9,Октябрь
Финансовая деятельность,Всего,10498970,9,Октябрь
Финансовая деятельность,финансовое посредничество,10783798,9,Октябрь
Финансовая деятельность,страхование,8472521,9,Октябрь
"Операции с недвижимым имуществом, аренда и предоставление услуг потребителям",Всего,10925696,9,Октябрь
"Операции с недвижимым имуществом, аренда и предоставление услуг потребителям",операции с недвижимым имуществом,5549527,9,Октябрь
"Операции с недвижимым имуществом, аренда и предоставление услуг потребителям",сдача в наем собственного недвижимого имущества,5403364,9,Октябрь
"Операции с недвижимым имуществом, аренда и предоставление услуг потребителям",аренда машин и оборудования без оператора и прокат бытовых изделий и предметов личного пользования,5669072,9,Октябрь
"Операции с недвижимым имуществом, аренда и предоставление услуг потребителям","деятельность, связанная с вычислительной техникой",28271137,9,Октябрь
"Операции с недвижимым имуществом, аренда и предоставление услуг потребителям",научные исследования и разработки,9119603,9,Октябрь
"Операции с недвижимым имуществом, аренда и предоставление услуг потребителям",научные исследования  и разработки в области естественных и технических наук,9131606,9,Октябрь
"Операции с недвижимым имуществом, аренда и предоставление услуг потребителям",деятельность по управлению холдинговыми компаниями,10897108,9,Октябрь
"Операции с недвижимым имуществом, аренда и предоставление услуг потребителям","деятельностьв области архитектуры, инженерные услуги",10603840,9,Октябрь
"Операции с недвижимым имуществом, аренда и предоставление услуг потребителям",топографо-геодезическая деятельность,8895549,9,Октябрь
Образование,Образование,4898958,9,Октябрь
Здравоохранение и предоставление социальных услуг,Всего,5348319,9,Октябрь
Здравоохранение и предоставление социальных услуг,деятельность в области здравоохранения,5550460,9,Октябрь
Здравоохранение и предоставление социальных услуг,предоставление социальных услуг,3943109,9,Октябрь
"Предоставление коммунальных, социальных и персональных услуг",Всего,5400801,9,Октябрь
"Предоставление коммунальных, социальных и персональных услуг","деятельность по организации отдыха и развлечений, культуры и спорта",5341492,9,Октябрь
"Предоставление коммунальных, социальных и персональных услуг","деятельность, связанная с кино- и видеофильмами",4723185,9,Октябрь
"Предоставление коммунальных, социальных и персональных услуг",деятельность в области радиовещания и телевидения,9997667,9,Октябрь
Справочно: рабочие и служащие,Справочно: рабочие и служащие,6874403,9,Октябрь
Всего,Всего,6748775,10,Ноябрь
"Сельское хозяйство, охота и лесное хозяйство",Всего,4734648,10,Ноябрь
"Сельское хозяйство, охота и лесное хозяйство","сельское хозяйство, охота и предоставление услуг в этих областях",4646227,10,Ноябрь
"Сельское хозяйство, охота и лесное хозяйство",растениеводство,4426958,10,Ноябрь
"Сельское хозяйство, охота и лесное хозяйство",животноводство,4680132,10,Ноябрь
"Сельское хозяйство, охота и лесное хозяйство",лесное хозяйство и предоставление услуг в этой области,5479863,10,Ноябрь
"Рыболовство, рыбоводство","Рыболовство, рыбоводство",5310496,10,Ноябрь
Промышленность,Всего,7306787,10,Ноябрь
Промышленность,горнодобывающая промышленность,9765599,10,Ноябрь
Промышленность,добыча топливно-энергетических полезных ископаемых,11064763,10,Ноябрь
Промышленность,"добыча угля, лигнита и торфа",5786663,10,Ноябрь
Промышленность,"добыча полезных ископаемых, кроме топливно-энергетических",8261476,10,Ноябрь
Промышленность,обрабатывающая промышленность,7249345,10,Ноябрь
Промышленность,"производство пищевых продуктов, включая напитки, и табака",7518270,10,Ноябрь
Промышленность,текстильное и швейное производство,4987350,10,Ноябрь
Промышленность,"производство кожи, изделий из кожи и производство обуви",5121585,10,Ноябрь
Промышленность,обработка древесины и производство изделий из дерева,5531692,10,Ноябрь
Промышленность,целлюлозно-бумажное производство. Издательская деятельность,6829872,10,Ноябрь
Промышленность,"производство целлюлозы, древесной массы, бумаги, картона и изделий из них",5849989,10,Ноябрь
Промышленность,издательская деятельность,8903597,10,Ноябрь
Промышленность,полиграфическая деятельность и предоставление услуг в этой области,7339557,10,Ноябрь
Промышленность,"производство кокса, нефтепродуктов и ядерных материалов",12996311,10,Ноябрь
Промышленность,химическое производство,12599092,10,Ноябрь
Промышленность,производство резиновых и пластмассовых изделий,7196738,10,Ноябрь
Промышленность,производство прочих неметаллических минеральных продуктов,6337675,10,Ноябрь
Промышленность,производство сборных железобетонных и бетонных конструкций и изделий,6455771,10,Ноябрь
Промышленность,металлургическое производство и производство готовых металлических изделий,7099632,10,Ноябрь
Промышленность,производство машин и оборудования,6701138,10,Ноябрь
Промышленность,"производство электрооборудования, электронного и оптического оборудования",6856119,10,Ноябрь
Промышленность,производство офисного оборудования и вычислительной техники,10072727,10,Ноябрь
Промышленность,производство электрических машин и электрооборудования,6371732,10,Ноябрь
Промышленность,"производство аппаратуры для радио, телевидения и связи",7279057,10,Ноябрь
Промышленность,"производство изделий медицинской техники, средств измерений, оптических приборов и аппаратуры, часов",7497706,10,Ноябрь
Промышленность,производство транспортных средств и оборудования,7218237,10,Ноябрь
Промышленность,"производство автомобилей, прицепов и полуприцепов",6922350,10,Ноябрь
Промышленность,производство прочих транспортных средств,8576673,10,Ноябрь
Промышленность,прочие отрасли промышленности,6155387,10,Ноябрь
Промышленность,"производство мебели и прочей продукции, не включенной в другие группировки",5952613,10,Ноябрь
Промышленность,обработка вторичного сырья,7746613,10,Ноябрь
Промышленность,"производство и распределение электроэнергии, газа и воды",7337955,10,Ноябрь
Промышленность,"производство тепловой энергии тепловыми электростанциями, самостоятельными котельными, прочими источниками",6043206,10,Ноябрь
Промышленность,теплоснабжение,5422904,10,Ноябрь
Промышленность,"сбор, очистка и распределение воды",6078956,10,Ноябрь
Строительство,Строительство,7949309,10,Ноябрь
"Торговля; ремонт автомобилей, бытовых изделий и предметов личного пользования",Всего,6467880,10,Ноябрь
"Торговля; ремонт автомобилей, бытовых изделий и предметов личного пользования","торговля автомобилями и мотоциклами, их техническое обслуживание и ремонт",8175276,10,Ноябрь
"Торговля; ремонт автомобилей, бытовых изделий и предметов личного пользования","оптовая торговля и торговля через агентов, кроме торговли автомобилями и мотоциклами",8788693,10,Ноябрь
"Торговля; ремонт автомобилей, бытовых изделий и предметов личного пользования","розничная торговля, кроме торговли автомобилями и мотоциклами; ремонт бытовых изделий и предметов личного пользования",5845934,10,Ноябрь
"Торговля; ремонт автомобилей, бытовых изделий и предметов личного пользования",ремонт бытовых изделий и предметов личного пользования,4492328,10,Ноябрь
Гостиницы и рестораны,Гостиницы и рестораны,5173492,10,Ноябрь
Транспорт и связь,Всего,7669189,10,Ноябрь
Транспорт и связь,деятельность сухопутного транспорта,7595067,10,Ноябрь
Транспорт и связь,деятельность железнодорожного транспорта,8385914,10,Ноябрь
Транспорт и связь,деятельность прочего сухопутного транспорта,6626736,10,Ноябрь
Транспорт и связь,деятельность водного транспорта,4874543,10,Ноябрь
Транспорт и связь,деятельность воздушного транспорта,14452678,10,Ноябрь
Транспорт и связь,"деятельность воздушного транспорта, не подчиняющегося расписанию",9750789,10,Ноябрь
Транспорт и связь,вспомогательная и дополнительная транспортная деятельность,7006586,10,Ноябрь
Транспорт и связь,прочая вспомогательная деятельность воздушного транспорта,10111477,10,Ноябрь
Транспорт и связь,связь,8176729,10,Ноябрь
Финансовая деятельность,Всего,10008060,10,Ноябрь
Финансовая деятельность,финансовое посредничество,10259540,10,Ноябрь
Финансовая деятельность,страхование,8277714,10,Ноябрь
"Операции с недвижимым имуществом, аренда и предоставление услуг потребителям",Всего,11016310,10,Ноябрь
"Операции с недвижимым имуществом, аренда и предоставление услуг потребителям",операции с недвижимым имуществом,5420182,10,Ноябрь
"Операции с недвижимым имуществом, аренда и предоставление услуг потребителям",сдача в наем собственного недвижимого имущества,5443068,10,Ноябрь
"Операции с недвижимым имуществом, аренда и предоставление услуг потребителям",аренда машин и оборудования без оператора и прокат бытовых изделий и предметов личного пользования,6777297,10,Ноябрь
"Операции с недвижимым имуществом, аренда и предоставление услуг потребителям","деятельность, связанная с вычислительной техникой",29066171,10,Ноябрь
"Операции с недвижимым имуществом, аренда и предоставление услуг потребителям",научные исследования и разработки,9383467,10,Ноябрь
"Операции с недвижимым имуществом, аренда и предоставление услуг потребителям",научные исследования  и разработки в области естественных и технических наук,9555119,10,Ноябрь
"Операции с недвижимым имуществом, аренда и предоставление услуг потребителям",деятельность по управлению холдинговыми компаниями,10772832,10,Ноябрь
"Операции с недвижимым имуществом, аренда и предоставление услуг потребителям","деятельностьв области архитектуры, инженерные услуги",10409109,10,Ноябрь
"Операции с недвижимым имуществом, аренда и предоставление услуг потребителям",топографо-геодезическая деятельность,8676374,10,Ноябрь
Образование,Образование,4921395,10,Ноябрь
Здравоохранение и предоставление социальных услуг,Всего,5396691,10,Ноябрь
Здравоохранение и предоставление социальных услуг,деятельность в области здравоохранения,5593330,10,Ноябрь
Здравоохранение и предоставление социальных услуг,предоставление социальных услуг,3954212,10,Ноябрь
"Предоставление коммунальных, социальных и персональных услуг",Всего,5368339,10,Ноябрь
"Предоставление коммунальных, социальных и персональных услуг","деятельность по организации отдыха и развлечений, культуры и спорта",5365881,10,Ноябрь
"Предоставление коммунальных, социальных и персональных услуг","деятельность, связанная с кино- и видеофильмами",4568448,10,Ноябрь
"Предоставление коммунальных, социальных и персональных услуг",деятельность в области радиовещания и телевидения,9734193,10,Ноябрь
Справочно: рабочие и служащие,Справочно: рабочие и служащие,6791181,10,Ноябрь
Всего ,Всего ,7424092,11,Декабрь
"Сельское хозяйство, охота и лесное хозяйство ",Всего ,4851820,11,Декабрь
"Сельское хозяйство, охота и лесное хозяйство ","сельское хозяйство, охота и предоставление услуг в этих областях ",4726909,11,Декабрь
"Сельское хозяйство, охота и лесное хозяйство ",растениеводство ,4434940,11,Декабрь
"Сельское хозяйство, охота и лесное хозяйство ",животноводство ,4767791,11,Декабрь
"Сельское хозяйство, охота и лесное хозяйство ",лесное хозяйство и предоставление услуг в этой области ,5891848,11,Декабрь
"Рыболовство, рыбоводство ","Рыболовство, рыбоводство ",5176253,11,Декабрь
Промышленность ,Всего ,8007825,11,Декабрь
Промышленность ,горнодобывающая промышленность ,10922015,11,Декабрь
Промышленность ,добыча топливно-энергетических полезных ископаемых ,11997914,11,Декабрь
Промышленность ,"добыча угля, лигнита и торфа ",6609637,11,Декабрь
Промышленность ,"добыча полезных ископаемых, кроме топливно-энергетических ",9644214,11,Декабрь
Промышленность ,обрабатывающая промышленность ,7946577,11,Декабрь
Промышленность ,"производство пищевых продуктов, включая напитки, и табака ",7832775,11,Декабрь
Промышленность ,текстильное и швейное производство ,5099519,11,Декабрь
Промышленность ,"производство кожи, изделий из кожи и производство обуви ",5594143,11,Декабрь
Промышленность ,обработка древесины и производство изделий из дерева ,5779920,11,Декабрь
Промышленность ,целлюлозно-бумажное производство. Издательская деятельность ,7572134,11,Декабрь
Промышленность ,"производство целлюлозы, древесной массы, бумаги, картона и изделий из них ",6139385,11,Декабрь
Промышленность ,издательская деятельность ,10108552,11,Декабрь
Промышленность ,полиграфическая деятельность и предоставление услуг в этой области ,8771333,11,Декабрь
Промышленность ,"производство кокса, нефтепродуктов и ядерных материалов ",13569078,11,Декабрь
Промышленность ,химическое производство ,16710153,11,Декабрь
Промышленность ,производство резиновых и пластмассовых изделий ,7629672,11,Декабрь
Промышленность ,производство прочих неметаллических минеральных продуктов ,6654816,11,Декабрь
Промышленность ,производство сборных железобетонных и бетонных конструкций и изделий ,6788466,11,Декабрь
Промышленность ,металлургическое производство и производство готовых металлических изделий ,7453869,11,Декабрь
Промышленность ,производство машин и оборудования ,7233002,11,Декабрь
Промышленность ,"производство электрооборудования, электронного и оптического оборудования ",7627900,11,Декабрь
Промышленность ,производство офисного оборудования и вычислительной техники ,8021845,11,Декабрь
Промышленность ,производство электрических машин и электрооборудования ,6755869,11,Декабрь
Промышленность ,"производство аппаратуры для радио, телевидения и связи ",8321152,11,Декабрь
Промышленность ,"производство изделий медицинской техники, средств измерений, оптических приборов и аппаратуры, часов ",8957915,11,Декабрь
Промышленность ,производство транспортных средств и оборудования ,7792838,11,Декабрь
Промышленность ,"производство автомобилей, прицепов и полуприцепов ",7229409,11,Декабрь
Промышленность ,производство прочих транспортных средств ,10400431,11,Декабрь
Промышленность ,прочие отрасли промышленности ,6629380,11,Декабрь
Промышленность ,"производство мебели и прочей продукции, не включенной в другие группировки ",6410886,11,Декабрь
Промышленность ,обработка вторичного сырья ,8341569,11,Декабрь
Промышленность ,"производство и распределение электроэнергии, газа и воды ",8003758,11,Декабрь
Промышленность ,"производство тепловой энергии тепловыми электростанциями, самостоятельными котельными, прочими источниками ",6501440,11,Декабрь
Промышленность ,теплоснабжение ,6045502,11,Декабрь
Промышленность ,"сбор, очистка и распределение воды ",6663424,11,Декабрь
Строительство ,Строительство ,8487599,11,Декабрь
"Торговля; ремонт автомобилей, бытовых изделий и предметов личного пользования ",Всего ,7093398,11,Декабрь
"Торговля; ремонт автомобилей, бытовых изделий и предметов личного пользования ","торговля автомобилями и мотоциклами, их техническое обслуживание и ремонт ",8894439,11,Декабрь
"Торговля; ремонт автомобилей, бытовых изделий и предметов личного пользования ","оптовая торговля и торговля через агентов, кроме торговли автомобилями и мотоциклами ",9654218,11,Декабрь
"Торговля; ремонт автомобилей, бытовых изделий и предметов личного пользования ","розничная торговля, кроме торговли автомобилями и мотоциклами; ремонт бытовых изделий и предметов личного пользования ",6421480,11,Декабрь
"Торговля; ремонт автомобилей, бытовых изделий и предметов личного пользования ",ремонт бытовых изделий и предметов личного пользования ,4563218,11,Декабрь
Гостиницы и рестораны ,Гостиницы и рестораны ,5648905,11,Декабрь
Транспорт и связь ,Всего ,7945515,11,Декабрь
Транспорт и связь ,деятельность сухопутного транспорта ,7671528,11,Декабрь
Транспорт и связь ,деятельность железнодорожного транспорта ,7970822,11,Декабрь
Транспорт и связь ,деятельность прочего сухопутного транспорта ,7076085,11,Декабрь
Транспорт и связь ,деятельность водного транспорта ,4703867,11,Декабрь
Транспорт и связь ,деятельность воздушного транспорта ,15185485,11,Декабрь
Транспорт и связь ,"деятельность воздушного транспорта, не подчиняющегося расписанию ",12255344,11,Декабрь
Транспорт и связь ,вспомогательная и дополнительная транспортная деятельность ,7794432,11,Декабрь
Транспорт и связь ,прочая вспомогательная деятельность воздушного транспорта ,10885872,11,Декабрь
Транспорт и связь ,связь ,8665833,11,Декабрь
Финансовая деятельность ,Всего ,14060830,11,Декабрь
Финансовая деятельность ,финансовое посредничество ,14591968,11,Декабрь
Финансовая деятельность ,страхование ,10451803,11,Декабрь
"Операции с недвижимым имуществом, аренда и предоставление услуг потребителям ",Всего ,12339987,11,Декабрь
"Операции с недвижимым имуществом, аренда и предоставление услуг потребителям ",операции с недвижимым имуществом ,5816798,11,Декабрь
"Операции с недвижимым имуществом, аренда и предоставление услуг потребителям ",сдача внаем собственного недвижимого имущества ,5951950,11,Декабрь
"Операции с недвижимым имуществом, аренда и предоставление услуг потребителям ",аренда машин и оборудования без оператора и прокат бытовых изделий и предметов личного пользования ,7544505,11,Декабрь
"Операции с недвижимым имуществом, аренда и предоставление услуг потребителям ","деятельность, связанная с вычислительной техникой ",30834842,11,Декабрь
"Операции с недвижимым имуществом, аренда и предоставление услуг потребителям ",научные исследования и разработки ,12193242,11,Декабрь
"Операции с недвижимым имуществом, аренда и предоставление услуг потребителям ",научные исследования  и разработки в области естественных и технических наук ,12224135,11,Декабрь
"Операции с недвижимым имуществом, аренда и предоставление услуг потребителям ",деятельность по управлению холдинговыми компаниями ,11968377,11,Декабрь
"Операции с недвижимым имуществом, аренда и предоставление услуг потребителям ","деятельность в области архитектуры, инженерные услуги ",11993474,11,Декабрь
"Операции с недвижимым имуществом, аренда и предоставление услуг потребителям ",топографо-геодезическая деятельность ,12036460,11,Декабрь
Образование ,Образование ,5259933,11,Декабрь
Здравоохранение и предоставление социальных услуг ,Всего ,6133650,11,Декабрь
Здравоохранение и предоставление социальных услуг ,деятельность в области здравоохранения ,6402092,11,Декабрь
Здравоохранение и предоставление социальных услуг ,предоставление социальных услуг ,4254840,11,Декабрь
"Предоставление коммунальных, социальных и персональных услуг ",Всего ,6167127,11,Декабрь
"Предоставление коммунальных, социальных и персональных услуг ","деятельность по организации отдыха и развлечений, культуры и спорта ",6309553,11,Декабрь
"Предоставление коммунальных, социальных и персональных услуг ","деятельность, связанная с кино- и видеофильмами ",5656258,11,Декабрь
"Предоставление коммунальных, социальных и персональных услуг ",деятельность в области радиовещания и телевидения ,11872685,11,Декабрь
Справочно: рабочие и служащие ,Справочно: рабочие и служащие ,7466076,11,Декабрь
